/*
 Navicat Premium Data Transfer

 Source Server         : localhost_3306
 Source Server Type    : MySQL
 Source Server Version : 50737
 Source Host           : localhost:3306
 Source Schema         : intern

 Target Server Type    : MySQL
 Target Server Version : 50737
 File Encoding         : 65001

 Date: 08/08/2022 00:04:31
*/

SET NAMES utf8mb4;
SET FOREIGN_KEY_CHECKS = 0;

-- ----------------------------
-- Table structure for db_apply
-- ----------------------------
DROP TABLE IF EXISTS `db_apply`;
CREATE TABLE `db_apply`  (
  `id` varchar(255) CHARACTER SET utf8 COLLATE utf8_general_ci NOT NULL,
  `user_id` varchar(255) CHARACTER SET utf8 COLLATE utf8_general_ci NULL DEFAULT NULL,
  `internship_id` varchar(255) CHARACTER SET utf8 COLLATE utf8_general_ci NULL DEFAULT NULL,
  `type` int(11) NULL DEFAULT NULL,
  `create_time` timestamp NULL DEFAULT NULL,
  `update_time` timestamp NULL DEFAULT NULL,
  `deleted` int(255) NULL DEFAULT NULL,
  PRIMARY KEY (`id`) USING BTREE,
  INDEX `fk_userid`(`user_id`) USING BTREE,
  INDEX `fk_internship`(`internship_id`) USING BTREE
) ENGINE = InnoDB CHARACTER SET = latin1 COLLATE = latin1_swedish_ci ROW_FORMAT = Dynamic;

-- ----------------------------
-- Records of db_apply
-- ----------------------------

-- ----------------------------
-- Table structure for db_collection
-- ----------------------------
DROP TABLE IF EXISTS `db_collection`;
CREATE TABLE `db_collection`  (
  `id` varchar(255) CHARACTER SET utf8 COLLATE utf8_general_ci NOT NULL,
  `user_id` varchar(255) CHARACTER SET utf8 COLLATE utf8_general_ci NULL DEFAULT NULL,
  `internship_id` varchar(255) CHARACTER SET utf8 COLLATE utf8_general_ci NULL DEFAULT NULL,
  `deleted` int(11) NULL DEFAULT NULL,
  PRIMARY KEY (`id`) USING BTREE,
  INDEX `fk_user_id`(`user_id`) USING BTREE,
  INDEX `fk_internship_id`(`internship_id`) USING BTREE
) ENGINE = InnoDB CHARACTER SET = latin1 COLLATE = latin1_swedish_ci ROW_FORMAT = Dynamic;

-- ----------------------------
-- Records of db_collection
-- ----------------------------
INSERT INTO `db_collection` VALUES ('1291046871', '2121023847', '0004', 0);
INSERT INTO `db_collection` VALUES ('1661564373', '2121023847', '0002', 1);
INSERT INTO `db_collection` VALUES ('2131332312', '2121023847', '0000', 1);
INSERT INTO `db_collection` VALUES ('2240041951', '9210504083', '0000', 0);
INSERT INTO `db_collection` VALUES ('2786555111', '2121023847', '0007', 0);
INSERT INTO `db_collection` VALUES ('3017269308', '2121023847', '0008', 1);
INSERT INTO `db_collection` VALUES ('3029018256', '2121023847', '0001', 1);
INSERT INTO `db_collection` VALUES ('3234298086', '2121023847', '0005', 1);
INSERT INTO `db_collection` VALUES ('8018191621', '2121023847', '0006', 1);
INSERT INTO `db_collection` VALUES ('9448228105', '2121023847', '0003', 1);

-- ----------------------------
-- Table structure for db_follow
-- ----------------------------
DROP TABLE IF EXISTS `db_follow`;
CREATE TABLE `db_follow`  (
  `id` int(11) NOT NULL AUTO_INCREMENT,
  `following_id` varchar(255) CHARACTER SET utf8 COLLATE utf8_general_ci NULL DEFAULT NULL,
  `follower_id` varchar(255) CHARACTER SET utf8 COLLATE utf8_general_ci NULL DEFAULT NULL,
  PRIMARY KEY (`id`) USING BTREE
) ENGINE = InnoDB AUTO_INCREMENT = 1112 CHARACTER SET = utf8 COLLATE = utf8_general_ci ROW_FORMAT = DYNAMIC;

-- ----------------------------
-- Records of db_follow
-- ----------------------------

-- ----------------------------
-- Table structure for db_friend
-- ----------------------------
DROP TABLE IF EXISTS `db_friend`;
CREATE TABLE `db_friend`  (
  `id` varchar(1000) CHARACTER SET utf8 COLLATE utf8_general_ci NOT NULL,
  `friend_id` varchar(1000) CHARACTER SET utf8 COLLATE utf8_general_ci NULL DEFAULT NULL,
  `user_id` varchar(1000) CHARACTER SET utf8 COLLATE utf8_general_ci NULL DEFAULT NULL,
  PRIMARY KEY (`id`) USING BTREE
) ENGINE = InnoDB CHARACTER SET = latin1 COLLATE = latin1_swedish_ci ROW_FORMAT = Dynamic;

-- ----------------------------
-- Records of db_friend
-- ----------------------------

-- ----------------------------
-- Table structure for db_internships
-- ----------------------------
DROP TABLE IF EXISTS `db_internships`;
CREATE TABLE `db_internships`  (
  `id` varchar(1000) CHARACTER SET utf8 COLLATE utf8_general_ci NOT NULL,
  `title` varchar(255) CHARACTER SET utf8 COLLATE utf8_general_ci NULL DEFAULT NULL,
  `user_id` varchar(1000) CHARACTER SET utf8 COLLATE utf8_general_ci NULL DEFAULT NULL,
  `content` varchar(255) CHARACTER SET utf8 COLLATE utf8_general_ci NULL DEFAULT NULL,
  `type` varchar(128) CHARACTER SET latin1 COLLATE latin1_swedish_ci NULL DEFAULT NULL,
  `create_time` timestamp NULL DEFAULT NULL,
  `update_time` timestamp NULL DEFAULT NULL,
  `deleted` int(11) NULL DEFAULT NULL,
  `view` int(11) NULL DEFAULT NULL,
  `meating` varchar(255) CHARACTER SET utf8 COLLATE utf8_general_ci NULL DEFAULT NULL,
  `location` varchar(255) CHARACTER SET utf8 COLLATE utf8_general_ci NULL DEFAULT NULL,
  `field` varchar(255) CHARACTER SET utf8 COLLATE utf8_general_ci NULL DEFAULT NULL,
  `state` varchar(255) CHARACTER SET utf8 COLLATE utf8_general_ci NULL DEFAULT NULL,
  `city` varchar(255) CHARACTER SET utf8 COLLATE utf8_general_ci NULL DEFAULT NULL,
  `description` varchar(1000) CHARACTER SET utf8 COLLATE utf8_general_ci NULL DEFAULT NULL,
  `working_right` int(11) NULL DEFAULT NULL,
  `applychannel` varchar(1000) CHARACTER SET latin1 COLLATE latin1_swedish_ci NULL DEFAULT NULL,
  `company` varchar(255) CHARACTER SET utf8 COLLATE utf8_general_ci NULL DEFAULT NULL,
  PRIMARY KEY (`id`) USING BTREE
) ENGINE = InnoDB CHARACTER SET = latin1 COLLATE = latin1_swedish_ci ROW_FORMAT = DYNAMIC;

-- ----------------------------
-- Records of db_internships
-- ----------------------------
INSERT INTO `db_internships` VALUES ('0000', 'Software Development Engineer', '234115225', NULL, '1', '2022-07-25 13:46:26', '2022-07-25 13:46:26', 0, 4, NULL, 'JiangBei No.666', 'Engineering', 'ChongQing', 'ChongQing', 'developing related software', 1, 'Please send your resume to 1184344283@qq.com', 'HR Island');
INSERT INTO `db_internships` VALUES ('0002', 'Quantitative Trading Intern', '234115225', NULL, '1', '2022-07-25 14:36:02', '2022-07-25 14:36:06', 0, 1, NULL, 'Jane Street', 'Engineering', 'Hong Kong', 'Hong Kong', 'The quantitative trading internship is a fast-paced, immersive experience. Over the course of the summer, you will be mentored by some of our experienced traders who will teach you about identifying, analyzing, and executing trading strategies, constructing quantitative models, conducting statistical analysis, building trading intuition, and more. In addition to 1-on-1 work with your mentors, you will attend internal classes on various topics and participate in mock trading sessions alongside your co-interns, where we can teach you the broader fundamentals of finance and trading (and how your quantitative problem-solving skills fit in). The work can be challenging and intense, but we want our employees, interns included, to have a healthy work-life balance.', 1, 'Please send your resume to 1184344283@qq.com', 'HR Island');
INSERT INTO `db_internships` VALUES ('0003', 'Data Engineer Intern', '234115225', NULL, '1', '2022-07-25 14:39:10', '2022-07-25 14:39:14', 0, 1, NULL, 'Singapore', 'Science', 'Singapore', 'Singapore', 'As the world leader in serving science, we solve the world’s toughest problems, like giving cancer patients hope, ensuring water and food are safe, helping law enforcement solve cases through forensics and most recently, serving as the largest provider of COVID-19 solutions.', 1, 'Please send your resume to 1184344283@qq.com', 'HR Island');
INSERT INTO `db_internships` VALUES ('0004', 'Research Intern - Cancer Biology - Quantitative Biosciences', '234115225', NULL, '1', '2022-07-25 14:42:17', '2022-07-25 14:42:20', 0, 1, NULL, 'Singapore', 'Science', 'Singapore', 'Singapore', 'At our Company, we are committed to be the premier, research-intensive biopharmaceutical company and are dedicated to providing leading innovations and solutions for today and the future. Our mission is to discover, develop and provide medicines and vaccines that save and improve lives around the world.', 1, 'Please send your resume to 1184344283@qq.com', 'HR Island');
INSERT INTO `db_internships` VALUES ('0005', 'Intern - Aug 2022 - Mechanical / Civil & Environmental Engineering Facilities', '234115225', NULL, '1', '2022-07-25 14:44:36', '2022-07-25 14:44:42', 0, 1, NULL, 'Singapore', 'Engineering', 'Singapore', 'Singapore', 'At Seagate, we are passionate about keeping Seagate operates in excellence conditions to produce superior products to our customers. We are partnering with subject experts to ensure that all facilities, infrastructures and equipment are maintained and upkeep to the highest quality.', 1, 'Please send your resume to 1184344283@qq.com', 'HR Island');
INSERT INTO `db_internships` VALUES ('0006', 'EHS Intern', '234115225', NULL, '1', '2022-07-25 14:47:10', '2022-07-25 14:47:14', 0, 1, NULL, 'Singapore', 'Engineering', 'Singapore', 'Singapore', 'Unleashing your potential?\r\n\r\nWe offer that.\r\n\r\nWe’re a dynamic biopharmaceutical company that offers you the resources and global reach you need to empower your innovative mindset.', 1, 'Please send your resume to 1184344283@qq.com', 'HR Island');
INSERT INTO `db_internships` VALUES ('0007', 'API Engineer Intern', '234115225', NULL, '1', '2022-07-25 14:48:56', '2022-07-25 14:49:01', 0, 1, NULL, 'Singapore', 'Engineering', 'Singapore', 'Singapore', 'Unleashing your potential?\r\n\r\nWe offer that.\r\n\r\nWe’re a dynamic biopharmaceutical company that offers you the resources and global reach you need to empower your innovative mindset.', 1, 'Please send your resume to 1184344283@qq.com', 'HR Island');
INSERT INTO `db_internships` VALUES ('0008', 'QC Lab Intern - API', '234115225', NULL, '1', '2022-07-25 14:58:50', '2022-07-25 14:58:57', 0, 1, NULL, 'Singapore', 'Engineering', 'Singapore', 'Singapore', 'Implementation of 6S applications to improve lab housekeeping, workflow and safety. Supporting routine testing activities for simple wet chemistry tests and general housekeeping', 1, 'Please send your resume to 1184344283@qq.com', 'HR Island');
INSERT INTO `db_internships` VALUES ('0009', 'QC Lab Intern - Bio', '234115225', NULL, '1', '2022-07-25 14:59:59', '2022-07-25 15:00:03', 0, 1, NULL, 'Singapore', 'Engineering', 'Singapore', 'Singapore', ' the intern will undertake a combination of data processing and project coordination, wet-lab work, and acquire a deeper understanding of the assays involved and basic laboratory paperless operations workflow. ', 1, 'Please send your resume to 1184344283@qq.com', 'HR Island');
INSERT INTO `db_internships` VALUES ('0010', 'QC Lab Intern - Micro', '234115225', NULL, '1', '2022-07-25 15:01:01', '2022-07-25 15:01:03', 0, 1, NULL, 'Singapore', 'Engineering', 'Singapore', 'Singapore', 'To support routine QC Micro Microbial Environmental Control (MEC) sampling, microbiological testing activities in the QC function', 1, 'Please send your resume to 1184344283@qq.com', 'HR Island');
INSERT INTO `db_internships` VALUES ('0011', 'Technical Operations Intern', '234115225', NULL, '1', '2022-07-25 15:02:17', '2022-07-25 15:02:20', 0, 1, NULL, 'Singapore', 'Engineering', 'Singapore', 'Singapore', 'To support the Technical Operations lab analytical testing assay as well as sample preparation and analysis of reagents, intermediates and API\'s using GC, HPLC, KF and FTIR technique.', 1, 'Please send your resume to 1184344283@qq.com', 'HR Island');
INSERT INTO `db_internships` VALUES ('0012', 'Utilities Intern', '234115225', NULL, '1', '2022-07-25 15:02:42', '2022-07-25 15:02:45', 0, 1, NULL, 'Singapore', 'Engineering', 'Singapore', 'Singapore', 'Supports utility projects implementation and new data driven initiatives.', 1, 'Please send your resume to 1184344283@qq.com', 'HR Island');
INSERT INTO `db_internships` VALUES ('0013', 'Technology Consulting Intern - Technology Transformation - 2023', '234115225', NULL, '1', '2022-07-25 15:03:28', '2022-07-25 15:03:32', 0, 1, NULL, 'Singapore', 'Engineering', 'Singapore', 'Singapore', 'What if we didn’t focus on who you are now, but who you could become?\r\n\r\nHere at EY, you’ll have the chance to build a truly exceptional experience. We’ll empower you with the latest technology, surround you with high-performing teams, and provide the global scale and diverse and inclusive culture you need to discover your full potential.  ', 1, 'Please send your resume to 1184344283@qq.com', 'HR Island');
INSERT INTO `db_internships` VALUES ('0014', 'Intern - Data Analytics', '234115225', NULL, '1', '2022-07-25 15:04:24', '2022-07-25 15:04:26', 0, 1, NULL, 'Singapore', 'Engineering', 'Singapore', 'Singapore', 'Change the future every day - The world is constantly changing and we\'re always thinking about what\'s next. Can you help us build the technologies and innovations of tomorrow?', 1, 'Please send your resume to 1184344283@qq.com', 'HR Island');
INSERT INTO `db_internships` VALUES ('0015', 'Intern - Product Analytics - Customer Experience', '234115225', NULL, '1', '2022-07-25 15:06:13', '2022-07-25 15:06:16', 0, 1, NULL, 'Singapore', 'Science', 'Singapore', 'Singapore', 'At Grab, every Grabber is guided by The Grab Way, which spells out our mission, how we believe we can achieve it, and our operating principles - the 4Hs - Heart, Hunger, Honour and Humility. These principles guide and help us make decisions as we work to create economic empowerment for the people of Southeast Asia.', 1, 'Please send your resume to 1184344283@qq.com', 'HR Island');
INSERT INTO `db_internships` VALUES ('0016', 'Internship - Talent Transformation Analyst - May-Aug or Jul-Dec', '234115225', NULL, '1', '2022-07-25 15:07:29', '2022-07-25 15:07:32', 0, 1, NULL, 'Singapore', 'Science', 'Singapore', 'Singapore', 'At IBM, work is more than a job – it’s a calling: To build. To design. To code. To consult. To think along with clients and sell. To make markets. To invent. To collaborate. Not just to do something better, but to attempt things you’ve never thought possible.', 1, 'Please send your resume to 1184344283@qq.com', 'HR Island');
INSERT INTO `db_internships` VALUES ('0017', '2022 H2 Internship - Software Engineer Intern', '234115225', NULL, '1', '2022-07-25 15:08:24', '2022-07-25 15:08:26', 0, 1, NULL, 'Singapore', 'Information Technology', 'Singapore', 'Singapore', 'Ultimately, Workato believes in fostering a flexible, trust-oriented culture that empowers everyone to take full ownership of their roles. We are driven by innovation and looking for team players who want to actively build our company. ', 1, 'Please send your resume to 1184344283@qq.com', 'HR Island');
INSERT INTO `db_internships` VALUES ('0018', 'Procurement Internships - Aug-Dec 2022', '234115225', NULL, '1', '2022-07-25 15:09:33', '2022-07-25 15:09:36', 0, 1, NULL, 'Singapore', 'Engineering', 'Singapore', 'Singapore', 'When you design unconventional and smarter products, you need an unconventional and smarter supply chain. Our Procurement team works across Dyson, supporting our Research Design and Development (RDD) and our business Categories.', 1, 'Please send your resume to 1184344283@qq.com', 'HR Island');
INSERT INTO `db_internships` VALUES ('0019', 'Online Marketing - Partnerships Intern', '234115225', NULL, '1', '2022-07-25 15:12:44', '2022-07-25 15:12:47', 0, 1, NULL, 'Singapore', 'Engineering', 'Singapore', 'Singapore', 'The Marketing team at Shopee is responsible for conceptualizing and implementing go-to-market activities to achieve increased usage and visibility.\r\n\r\nThe team covers areas including Campaigns Management, Community, Public Relations, Partnerships, Offline Marketing and Design.  ', 1, 'Please send your resume to 1184344283@qq.com', 'HR Island');
INSERT INTO `db_internships` VALUES ('0020', '2022 H2 Internship - Jul–Dec - Intern - Business Technology - Special Project', '234115225', NULL, '1', '2022-07-25 15:13:44', '2022-07-25 15:13:48', 0, 1, NULL, 'Singapore', 'Information Technology', 'Singapore', 'Singapore', 'Ultimately, Workato believes in fostering a flexible, trust-oriented culture that empowers everyone to take full ownership of their roles. We are driven by innovation and looking for team players who want to actively build our company. ', 1, 'Please send your resume to 1184344283@qq.com', 'HR Island');
INSERT INTO `db_internships` VALUES ('0021', 'Intern - Connected Sensor System for Water Quality', '234115225', NULL, '1', '2022-07-25 15:14:42', '2022-07-25 15:14:45', 0, 1, NULL, 'Singapore', 'Engineering', 'Singapore', 'Singapore', 'At Bosch, we care. For you, our business, and our environment.\r\n\r\nLet’s turn visions into reality. At Bosch, we shape the future by inventing high-quality technologies and services that spark enthusiasm and enrich people’s lives. Our areas of activity are every bit as diverse as our outstanding Bosch teams around the world.', 1, 'Please send your resume to 1184344283@qq.com', 'HR Island');
INSERT INTO `db_internships` VALUES ('0022', 'Intern - e-Commerce Business Development', '234115225', NULL, '1', '2022-07-25 15:15:32', '2022-07-25 15:15:34', 0, 1, NULL, 'Singapore', 'Information Technology', 'Singapore', 'Singapore', 'At Bosch, we care. For you, our business, and our environment.\r\n\r\nLet’s turn visions into reality. At Bosch, we shape the future by inventing high-quality technologies and services that spark enthusiasm and enrich people’s lives. Our areas of activity are every bit as diverse as our outstanding Bosch teams around the world.', 1, 'Please send your resume to 1184344283@qq.com', 'HR Island');
INSERT INTO `db_internships` VALUES ('0023', 'Intern - Business Analyst - Automotive Aftermarket Division', '234115225', NULL, '1', '2022-07-25 15:16:17', '2022-07-25 15:16:20', 0, 1, NULL, 'Singapore', 'Science', 'Singapore', 'Singapore', 'At Bosch, we care. For you, our business, and our environment.\r\n\r\nLet’s turn visions into reality. At Bosch, we shape the future by inventing high-quality technologies and services that spark enthusiasm and enrich people’s lives. Our areas of activity are every bit as diverse as our outstanding Bosch teams around the world.  ', 1, 'Please send your resume to 1184344283@qq.com', 'HR Island');
INSERT INTO `db_internships` VALUES ('0024', 'Purchasing Intern', '234115225', NULL, '1', '2022-07-25 15:17:54', '2022-07-25 15:17:58', 0, 1, NULL, 'Singapore', 'Engineering', 'Singapore', 'Singapore', 'Review and analyze materials requirements for production and execute the necessary actions such as generating Purchase Order, scheduling and re-scheduling of material based on MRP requirement.', 1, 'Please send your resume to 1184344283@qq.com', 'HR Island');
INSERT INTO `db_internships` VALUES ('0025', 'Analytics Intern', '234115225', NULL, '1', '2022-07-25 15:18:27', '2022-07-25 15:18:31', 0, 1, NULL, 'Singapore', 'Engineering', 'Singapore', 'Singapore', 'As an Analytics Intern you will be challenged with tasks revolving around - Designing and developing analytics solutions (e.g. dashboarding, optimization, Machine Learning models) to solve business problems. Developing analytical frameworks and/or mental models to solve business problems.', 1, 'Please send your resume to 1184344283@qq.com', 'HR Island');
INSERT INTO `db_internships` VALUES ('0026', 'Intern - Full Stack Software Engineer - ASI', '234115225', NULL, '1', '2022-07-25 15:18:57', '2022-07-25 15:18:59', 0, 1, NULL, 'Singapore', 'Science', 'Singapore', 'Singapore', 'As an intern at ASI, you won’t just improve existing data tools, but also build new ones from scratch. You will interact with multiple stakeholders to mine pain points and build tools that solve these issues and decrease time to insights.', 1, 'Please send your resume to 1184344283@qq.com', 'HR Island');
INSERT INTO `db_internships` VALUES ('0027', 'Intern - Analytics Center of Excellence', '234115225', NULL, '1', '2022-07-25 15:19:27', '2022-07-25 15:19:28', 0, 1, NULL, 'Singapore', 'Science', 'Singapore', 'Singapore', 'This role supports the Analytics team to streamline processes, improve existing workstreams and identify and eliminate inefficiencies. This is a key function which is aiming to bring about a data-driven decision-making culture at Grab.', 1, 'Please send your resume to 1184344283@qq.com', 'HR Island');
INSERT INTO `db_internships` VALUES ('0028', 'Intern - Flavor Savoury Campus Application', '234115225', NULL, '1', '2022-07-25 15:20:04', '2022-07-25 15:20:09', 0, 1, NULL, 'Singapore', 'Science', 'Singapore', 'Singapore', 'The purpose of this intern is to support savory flavor lab work as application, evaluation and sample preparation, raw materials and flavor samples management, and lab equipment maintenance.', 1, 'Please send your resume to 1184344283@qq.com', 'HR Island');
INSERT INTO `db_internships` VALUES ('0029', 'Intern - Flavor Creation', '234115225', NULL, '1', '2022-07-25 15:20:37', '2022-07-25 15:20:39', 0, 1, NULL, 'Singapore', 'Science', 'Singapore', 'Singapore', 'The purpose of this intern is to support Flavorists in creation of new ingredients and new technologies - Update a database that can be used to organize the available stock of raw materials available (~2000 items) to the flavor creation laboratory. Order raw materials through SAP.', 1, 'Please send your resume to 1184344283@qq.com', 'HR Island');
INSERT INTO `db_internships` VALUES ('0030', 'Software QA Intern - IoT Services', '234115225', NULL, '1', '2022-07-25 15:21:13', '2022-07-25 15:21:15', 0, 1, NULL, 'Singapore', 'Science', 'Singapore', 'Singapore', 'Conducting post-release and post-implementation testing on both Mobile and Web. Work closely with our vendors in all testing phases and deliver major product and platform features with the best possible quality.', 1, 'Please send your resume to 1184344283@qq.com', 'HR Island');
INSERT INTO `db_internships` VALUES ('0031', 'Software Developer Intern - SAP AI', '234115225', NULL, '1', '2022-07-25 15:22:05', '2022-07-25 15:22:09', 0, 1, NULL, 'Singapore', 'Science', 'Singapore', 'Singapore', 'As a Software developer(intern) on the team, you will work with SAP product and solution units to bring SAP products to the next level by incorporating intelligence, robotic process automation into its existing portfolio.', 1, 'Please send your resume to 1184344283@qq.com', 'HR Island');
INSERT INTO `db_internships` VALUES ('0032', 'Technology Consulting - Financial Services Intern', '234115225', NULL, '1', '2022-07-25 15:22:42', '2022-07-25 15:22:44', 0, 1, NULL, 'Singapore', 'Science', 'Singapore', 'Singapore', 'EY’s Technology Consulting Intern works on projects from leading institutions to align their operating model and infrastructure to their business’ strategic objectives.', 1, 'Please send your resume to 1184344283@qq.com', 'HR Island');
INSERT INTO `db_internships` VALUES ('0033', 'Temasek Associate Internship Programme 2023 - Investment Data Scientist - IDS', '234115225', NULL, '1', '2022-07-25 15:23:21', '2022-07-25 15:23:23', 0, 1, NULL, 'Singapore', 'Science', 'Singapore', 'Singapore', 'Investment Data Scientist interns will be responsible for - Applying machine learning and/or statistical techniques to model target variables in terms of explanatory variables/features derived from fundamental, financial, and alternative data.', 1, 'Please send your resume to 1184344283@qq.com', 'HR Island');
INSERT INTO `db_internships` VALUES ('0034', 'Data Analytics - Marketing Intern', '234115225', NULL, '1', '2022-07-25 15:24:00', '2022-07-25 15:24:01', 0, 1, NULL, 'Singapore', 'Science', 'Singapore', 'Singapore', 'Be a part of the regional marketing analytics team and drive impact. Collaborate with the marketing analytics and product teams to develop solutions to deliver crucial marketing insights to business units in various countries.', 1, 'Please send your resume to 1184344283@qq.com', 'HR Island');
INSERT INTO `db_internships` VALUES ('0035', 'Intern - Machine Learning', '234115225', NULL, '1', '2022-07-25 15:24:37', '2022-07-25 15:24:39', 0, 1, NULL, 'Singapore', 'Science', 'Singapore', 'Singapore', 'In alignment with the automation, digitalization, data and analytics strategy, an opportunity exists to incorporate wireless sensors and monitoring into site facilities to increase capability of the site from preventative maintenance to predictive maintenance capability.', 1, 'Please send your resume to 1184344283@qq.com', 'HR Island');
INSERT INTO `db_internships` VALUES ('0036', 'Intern - Operational Engineering', '234115225', NULL, '1', '2022-07-25 15:25:09', '2022-07-25 15:25:11', 0, 1, NULL, 'Singapore', 'Engineering', 'Singapore', 'Singapore', 'Student will assist the site\'s PCCE Engineer in the PCCE FMEA study for the existing API products in the site and any new products that are being introduced to the manufacturing facility. And also, to conduct an Equipment based PCCE study for the existing manufacturing equipment.', 1, 'Please send your resume to 1184344283@qq.com', 'HR Island');
INSERT INTO `db_internships` VALUES ('0037', 'Intern - EHSS - Sustainability Continuous Improvement', '234115225', NULL, '1', '2022-07-25 15:25:51', '2022-07-25 15:25:53', 0, 1, NULL, 'Singapore', 'Engineering', 'Singapore', 'Singapore', 'Process troubleshooting/ improvement / optimization in various utilities systems to support sustainability agenda of the company– water and waste water reduction, solvent recovery and waste reduction, steam and condensate saving etc.', 1, 'Please send your resume to 1184344283@qq.com', 'HR Island');
INSERT INTO `db_internships` VALUES ('0038', 'Intern - Electrical Engineering', '234115225', NULL, '1', '2022-07-25 15:26:28', '2022-07-25 15:26:30', 0, 1, NULL, 'Singapore', 'Engineering', 'Singapore', 'Singapore', 'This student will support GSK Energy Manager certified by NEA on energy improvement projects feasibility studies (such as Combine Heat Power Project) and project commission as well as plant improvement and optimization.', 1, 'Please send your resume to 1184344283@qq.com', 'HR Island');
INSERT INTO `db_internships` VALUES ('0039', 'Intern - GPS', '234115225', NULL, '1', '2022-07-25 15:27:11', '2022-07-25 15:27:15', 0, 1, NULL, 'Singapore', 'Engineering', 'Singapore', 'Singapore', 'Based at the Jurong site in Pioneer Sector 1, you will actively participate and be involved in driving improvements to process flows across the GSK manufacturing supply chain, specifically for plant change over processes at the Jurong and Quality Road manufacturing sites in Singapore.', 1, 'Please send your resume to 1184344283@qq.com', 'HR Island');
INSERT INTO `db_internships` VALUES ('0040', 'Intern - Automation', '234115225', NULL, '1', '2022-07-25 15:27:32', '2022-07-25 15:27:34', 0, 1, NULL, 'Singapore', 'Engineering', 'Singapore', 'Singapore', 'This project will allow future engineers to have an understanding on cGMP requirement for the pharmaceutical industry relating to plant automation. The project will help to standardize the automation and process control standards for remote manual as well as full sequence control.', 1, 'Please send your resume to 1184344283@qq.com', 'HR Island');
INSERT INTO `db_internships` VALUES ('0041', 'Software Engineer Intern', '234115225', NULL, '1', '2022-07-25 15:28:06', '2022-07-25 15:28:08', 0, 1, NULL, 'Singapore', 'Science', 'Singapore', 'Singapore', 'Gain first-hand experience working on Shopee’s leading platform to enhance the user experience. Have the opportunity to work alongside top engineers to gain invaluable insights on how to build a scalable and high-performance software platform.\r\n\r\n', 1, 'Please send your resume to 1184344283@qq.com', 'HR Island');
INSERT INTO `db_internships` VALUES ('0042', 'Intern - NPI and Facility Design', '234115225', NULL, '1', '2022-07-25 15:28:37', '2022-07-25 15:28:39', 0, 1, NULL, 'Singapore', 'Engineering', 'Singapore', 'Singapore', 'The intern will be provided a rare opportunity to gain exposure to technology transfer of a new 2nd Generation product involving enzymatic chemistry and a complex capital project involving the transformation of an existing manufacturing facility to support the new product.\r\n', 1, 'Please send your resume to 1184344283@qq.com', 'HR Island');
INSERT INTO `db_internships` VALUES ('0043', 'Intern - Quality Improvement', '234115225', NULL, '1', '2022-07-25 15:29:25', '2022-07-25 15:29:28', 0, 1, NULL, 'Singapore', 'Engineering', 'Singapore', 'Singapore', 'Data Integrity 0 engagement of cross functions as part of information gathering and project implementation for site wide Data integrity programme . This mimics a role of quality officer, giving the candidate a hands-on and experience in the capacity of the quality officer.', 1, 'Please send your resume to 1184344283@qq.com', 'HR Island');
INSERT INTO `db_internships` VALUES ('0044', 'Intern - Technology Optimization', '234115225', NULL, '1', '2022-07-25 15:30:05', '2022-07-25 15:30:07', 0, 1, NULL, 'Singapore', 'Engineering', 'Singapore', 'Singapore', 'Support the design, process safety assessments, commissioning and validation on manufacture of pharmaceutical intermediates and final active pharmaceutical ingredients (API).\r\n\r\n', 1, 'Please send your resume to 1184344283@qq.com', 'HR Island');
INSERT INTO `db_internships` VALUES ('0045', 'Intern - Production Improvement', '234115225', NULL, '1', '2022-07-25 15:30:30', '2022-07-25 15:30:36', 0, 1, NULL, 'Singapore', 'Engineering', 'Singapore', 'Singapore', 'Monitoring of Distillation Column critical processing parameters using heat and mass balance; Review of batch records / log sheets. Involvement in troubleshooting, continuous improvement projects and investigations.\r\n\r\n', 1, 'Please send your resume to 1184344283@qq.com', 'HR Island');
INSERT INTO `db_internships` VALUES ('0046', 'Intern - Process Automation', '234115225', NULL, '1', '2022-07-25 15:31:00', '2022-07-25 15:31:04', 0, 1, NULL, 'Singapore', 'Engineering', 'Singapore', 'Singapore', 'This project focuses on understanding the solvent recovery process that is operated via DeltaV DCS in a remote manual mode and work closely with automation engineer to build sequence in DeltaV DCS to automate the recovery process.\r\n\r\n', 1, 'Please send your resume to 1184344283@qq.com', 'HR Island');
INSERT INTO `db_internships` VALUES ('0047', 'Intern - Value Stream 2 - NPI', '234115225', NULL, '1', '2022-07-25 15:31:42', '2022-07-25 15:31:45', 0, 1, NULL, 'Singapore', 'Engineering', 'Singapore', 'Singapore', 'The scope of the internship will mimic the role of a production engineer leading operational improvement projects through the use of Lean Six Sigma tools, Digital Data & Analytics, and platforms such as Power BI, Power Apps & Microsoft Excel.', 1, 'Please send your resume to 1184344283@qq.com', 'HR Island');
INSERT INTO `db_internships` VALUES ('0048', 'Applied Data Intern', '234115225', NULL, '1', '2022-07-25 15:32:07', '2022-07-25 15:32:09', 0, 1, NULL, 'Singapore', 'Information Technology', 'Singapore', 'Singapore', 'The intern will work under the supervision of the External Quality (EQ) Systems team. The intern will collaborate with the regional EQ teams for insights on business decisions.', 1, 'Please send your resume to 1184344283@qq.com', 'HR Island');
INSERT INTO `db_internships` VALUES ('0049', 'Intern - Data Integrity', '234115225', NULL, '1', '2022-07-25 15:33:10', '2022-07-25 15:33:13', 0, 1, NULL, 'Singapore', 'Engineering', 'Singapore', 'Singapore', 'Intern will be required to perform data gathering & analysis using process maps of end-to-end data flow. Intern should demonstrate systems thinking. In addition, to also support cutover/upgrade of enterprise electronic documentation management system.', 1, 'Please send your resume to 1184344283@qq.com', 'HR Island');
INSERT INTO `db_internships` VALUES ('0050', 'Intern - Quality Assurance', '234115225', NULL, '1', '2022-07-25 15:33:44', '2022-07-25 15:33:46', 0, 1, NULL, 'Singapore', 'Engineering', 'Singapore', 'Singapore', 'This project aims to improve the quality assurance of the manufacturing and engineering maintenance processes performed by the production and engineering teams respectively.', 1, 'Please send your resume to 1184344283@qq.com', 'HR Island');
INSERT INTO `db_internships` VALUES ('1', 'Google Backend Development', '2121023847', '11111', '1', '2022-07-24 23:27:03', '2022-07-24 23:27:08', 0, 1, NULL, 'Australia', 'Computer Science', 'NSW', 'Sydney', NULL, 12, 'Please send your resume to 757426218@qq.com', 'HR Hub');
INSERT INTO `db_internships` VALUES ('1000', 'Hardware Development Engineer', '9210504083', NULL, '1', '2022-07-25 13:47:21', '2022-07-25 13:47:21', 1, 1, NULL, 'JiangBei No.666', 'Engineering', 'ChongQing', 'ChongQing', 'developing related software', 1, 'Please send your resume to 1184344283@qq.com', 'HR Island');
INSERT INTO `db_internships` VALUES ('1142', 'Google Backend Development', '2121023847', '11111', '1', '2022-07-24 23:27:03', '2022-07-24 23:27:08', 0, 1, NULL, 'Australia', 'Computer Science', 'NSW', 'Sydney', NULL, 4, 'Please send your resume to 757426218@qq.com', 'HR Hub');
INSERT INTO `db_internships` VALUES ('1143142', 'Google Backend Development', '2121023847', '11111', '1', '2022-07-24 23:27:03', '2022-07-24 23:27:08', 0, 1, NULL, 'Australia', 'Computer Science', 'NSW', 'Sydney', NULL, 124, 'Please send your resume to 757426218@qq.com', 'HR Hub');
INSERT INTO `db_internships` VALUES ('114342', 'Google Backend Development', '2121023847', '11111', '1', '2022-07-24 23:27:03', '2022-07-24 23:27:08', 0, 1, NULL, 'Australia', 'Computer Science', 'NSW', 'Sydney', NULL, 12345, 'Please send your resume to 757426218@qq.com', 'HR Hub');
INSERT INTO `db_internships` VALUES ('11442', 'Google Backend Development', '2121023847', '11111', '1', '2022-07-24 23:27:03', '2022-07-24 23:27:08', 0, 1, NULL, 'Australia', 'Computer Science', 'NSW', 'Sydney', NULL, 24, 'Please send your resume to 757426218@qq.com', 'HR Hub');
INSERT INTO `db_internships` VALUES ('12', 'Google Backend Development', '2121023847', '11111', '1', '2022-07-24 23:27:03', '2022-07-24 23:27:08', 0, 1, NULL, 'Australia', 'Computer Science', 'NSW', 'Sydney', NULL, 34, 'Please send your resume to 757426218@qq.com', 'HR Hub');
INSERT INTO `db_internships` VALUES ('142', 'Google Backend Development', '2121023847', '11111', '1', '2022-07-24 23:27:03', '2022-07-24 23:27:08', 0, 1, NULL, 'Australia', 'Computer Science', 'NSW', 'Sydney', NULL, 23, 'Please send your resume to 757426218@qq.com', 'HR Hub');
INSERT INTO `db_internships` VALUES ('15143142', 'Google Backend Development', '2121023847', '11111', '1', '2022-07-24 23:27:03', '2022-07-24 23:27:08', 0, 1, NULL, 'Australia', 'Computer Science', 'NSW', 'Sydney', NULL, 25, 'Please send your resume to 757426218@qq.com', 'HR Hub');
INSERT INTO `db_internships` VALUES ('213', 'Google Backend Development', '2121023847', '11111', '1', '2022-07-24 23:27:03', '2022-07-24 23:27:08', 0, 1, NULL, 'Australia', 'Computer Science', 'NSW', 'Sydney', NULL, 15, 'Please send your resume to 757426218@qq.com', 'HR Hub');
INSERT INTO `db_internships` VALUES ('2545638074', '1', '4827760457', NULL, NULL, '2022-08-06 19:09:31', '2022-08-06 19:09:31', 0, NULL, NULL, 'China', 'Information Technology', 'Beijing', 'Daxing', '22', 1, NULL, '1');
INSERT INTO `db_internships` VALUES ('2746999138', 'test1', '4827760457', NULL, NULL, '2022-08-06 16:39:41', '2022-08-06 16:39:41', 0, NULL, NULL, 'Albania', 'Information Technology', 'Berat District', 'Bashkia Berat', '123', 1, NULL, '1');
INSERT INTO `db_internships` VALUES ('3117234226', '1', '4827760457', NULL, NULL, '2022-08-06 19:07:27', '2022-08-06 19:07:27', 0, NULL, NULL, 'China', 'Information Technology', 'Beijing', 'Mentougou', '222', 4, NULL, '1');
INSERT INTO `db_internships` VALUES ('3122583558', 'test1', '4827760457', NULL, NULL, '2022-08-06 16:40:38', '2022-08-06 16:40:38', 0, NULL, NULL, 'Albania', 'Information Technology', 'Berat District', 'Bashkia Berat', '123', 1, NULL, '1');
INSERT INTO `db_internships` VALUES ('3263782259', 'new', '4827760457', NULL, NULL, '2022-08-06 20:13:26', '2022-08-06 20:13:26', 0, NULL, NULL, 'China', ' Statistics', 'Guangdong', 'Danshui', '222', 5, '1', '123');
INSERT INTO `db_internships` VALUES ('6505082381', 'zhoush', '4827760457', NULL, NULL, '2022-08-06 19:30:34', '2022-08-06 19:30:34', 0, NULL, NULL, 'China', 'Law', 'Beijing', 'Beijing', '222231222', 5, NULL, '123');
INSERT INTO `db_internships` VALUES ('8662972805', '11241', '4827760457', NULL, NULL, '2022-08-06 20:19:57', '2022-08-06 20:19:57', 0, NULL, NULL, 'Afghanistan', ' Medicine', 'Badakhshan', 'Ashkāsham', '123412341', 4, '1', '11241241241');

-- ----------------------------
-- Table structure for db_meetings
-- ----------------------------
DROP TABLE IF EXISTS `db_meetings`;
CREATE TABLE `db_meetings`  (
  `id` varchar(255) CHARACTER SET latin1 COLLATE latin1_swedish_ci NOT NULL,
  `internship_id` varchar(255) CHARACTER SET latin1 COLLATE latin1_swedish_ci NULL DEFAULT NULL,
  `datetime` varchar(255) CHARACTER SET latin1 COLLATE latin1_swedish_ci NULL DEFAULT NULL,
  `link` varchar(1000) CHARACTER SET latin1 COLLATE latin1_swedish_ci NULL DEFAULT NULL,
  `deleted` int(11) NULL DEFAULT NULL,
  PRIMARY KEY (`id`) USING BTREE
) ENGINE = InnoDB CHARACTER SET = latin1 COLLATE = latin1_swedish_ci ROW_FORMAT = Dynamic;

-- ----------------------------
-- Records of db_meetings
-- ----------------------------
INSERT INTO `db_meetings` VALUES ('1', '1000', '2022-08-20 15:23:13', 'abc', 1);
INSERT INTO `db_meetings` VALUES ('2', '1000', '2022-08-19 15:23:58', 'abc', 1);
INSERT INTO `db_meetings` VALUES ('2436254139', '8662972805', '2022-08-06T12:19:23.588Z', '22222', 0);
INSERT INTO `db_meetings` VALUES ('2573901675', '<built-in function id>', '2022-08-06T12:12:22.553Z', '222', 0);
INSERT INTO `db_meetings` VALUES ('3952503565', '8676456262', '2022-08-06T11:30:09.851Z', '2222', 0);
INSERT INTO `db_meetings` VALUES ('4355191980', '<built-in function id>', '2022-08-06T12:12:46.063Z', '222', 0);

-- ----------------------------
-- Table structure for db_notice
-- ----------------------------
DROP TABLE IF EXISTS `db_notice`;
CREATE TABLE `db_notice`  (
  `id` varchar(255) CHARACTER SET utf8 COLLATE utf8_general_ci NOT NULL DEFAULT '',
  `content` varchar(1000) CHARACTER SET utf8 COLLATE utf8_general_ci NULL DEFAULT NULL,
  `is_read` int(255) NULL DEFAULT NULL,
  `deleted` int(255) NULL DEFAULT NULL,
  `user_id` varchar(255) CHARACTER SET utf8 COLLATE utf8_general_ci NULL DEFAULT NULL,
  `following_id` varchar(255) CHARACTER SET utf8 COLLATE utf8_general_ci NULL DEFAULT NULL,
  `internship_id` varchar(255) CHARACTER SET utf8 COLLATE utf8_general_ci NULL DEFAULT NULL,
  `internship_name` varchar(255) CHARACTER SET utf8 COLLATE utf8_general_ci NULL DEFAULT NULL,
  `name` varchar(255) CHARACTER SET utf8 COLLATE utf8_general_ci NULL DEFAULT NULL,
  `create_time` timestamp NULL DEFAULT NULL,
  PRIMARY KEY (`id`) USING BTREE
) ENGINE = InnoDB CHARACTER SET = latin1 COLLATE = latin1_swedish_ci ROW_FORMAT = Dynamic;

-- ----------------------------
-- Records of db_notice
-- ----------------------------

-- ----------------------------
-- Table structure for db_resume
-- ----------------------------
DROP TABLE IF EXISTS `db_resume`;
CREATE TABLE `db_resume`  (
  `id` varchar(1000) CHARACTER SET utf8 COLLATE utf8_general_ci NOT NULL,
  `user_id` varchar(1000) CHARACTER SET utf8 COLLATE utf8_general_ci NULL DEFAULT NULL,
  `name` varchar(255) CHARACTER SET utf8 COLLATE utf8_general_ci NULL DEFAULT NULL,
  `sex` int(11) NULL DEFAULT NULL,
  `mobile` varchar(1000) CHARACTER SET utf8 COLLATE utf8_general_ci NULL DEFAULT NULL,
  `age` int(255) NULL DEFAULT NULL,
  `address` varchar(255) CHARACTER SET utf8 COLLATE utf8_general_ci NULL DEFAULT NULL,
  `email` varchar(1000) CHARACTER SET utf8 COLLATE utf8_general_ci NULL DEFAULT NULL,
  `aim` varchar(255) CHARACTER SET utf8 COLLATE utf8_general_ci NULL DEFAULT NULL,
  `honor` varchar(255) CHARACTER SET utf8 COLLATE utf8_general_ci NULL DEFAULT NULL,
  `education` varchar(255) CHARACTER SET utf8 COLLATE utf8_general_ci NULL DEFAULT NULL,
  `experience` varchar(1000) CHARACTER SET utf8 COLLATE utf8_general_ci NULL DEFAULT NULL,
  `skills` varchar(1000) CHARACTER SET utf8 COLLATE utf8_general_ci NULL DEFAULT NULL,
  `create_time` varchar(1000) CHARACTER SET utf8 COLLATE utf8_general_ci NULL DEFAULT NULL,
  `update_time` timestamp NULL DEFAULT NULL,
  `deleted` int(11) NULL DEFAULT NULL,
  `awards` varchar(1000) CHARACTER SET utf8 COLLATE utf8_general_ci NULL DEFAULT NULL,
  `display` varchar(1000) CHARACTER SET utf8 COLLATE utf8_general_ci NULL DEFAULT NULL,
  `field` varchar(255) CHARACTER SET utf8 COLLATE utf8_general_ci NULL DEFAULT NULL,
  PRIMARY KEY (`id`) USING BTREE
) ENGINE = InnoDB CHARACTER SET = latin1 COLLATE = latin1_swedish_ci ROW_FORMAT = Dynamic;

-- ----------------------------
-- Records of db_resume
-- ----------------------------
INSERT INTO `db_resume` VALUES ('3813111111999', '31680375871253864264413722098806', 'zhoushiqi', 0, '123478', 24, 'aaa', '3737382@qq.com', 'backend', 'play', 'unsw', 'none', 'Java', NULL, NULL, NULL, NULL, NULL, 'Computer science');

-- ----------------------------
-- Table structure for db_resume_award
-- ----------------------------
DROP TABLE IF EXISTS `db_resume_award`;
CREATE TABLE `db_resume_award`  (
  `id` int(11) NOT NULL AUTO_INCREMENT,
  `title` varchar(255) CHARACTER SET utf8 COLLATE utf8_general_ci NULL DEFAULT NULL,
  `description` text CHARACTER SET utf8 COLLATE utf8_general_ci NULL,
  `user_id` varchar(255) CHARACTER SET utf8 COLLATE utf8_general_ci NULL DEFAULT NULL,
  PRIMARY KEY (`id`) USING BTREE,
  INDEX `user_id`(`user_id`) USING BTREE,
  CONSTRAINT `db_resume_award_ibfk_1` FOREIGN KEY (`user_id`) REFERENCES `db_user` (`id`) ON DELETE RESTRICT ON UPDATE RESTRICT
) ENGINE = InnoDB AUTO_INCREMENT = 6 CHARACTER SET = utf8 COLLATE = utf8_general_ci ROW_FORMAT = DYNAMIC;

-- ----------------------------
-- Records of db_resume_award
-- ----------------------------
INSERT INTO `db_resume_award` VALUES (5, '11', '1', '9210504083');

-- ----------------------------
-- Table structure for db_resume_education
-- ----------------------------
DROP TABLE IF EXISTS `db_resume_education`;
CREATE TABLE `db_resume_education`  (
  `id` int(11) NOT NULL AUTO_INCREMENT,
  `name` varchar(255) CHARACTER SET utf8 COLLATE utf8_general_ci NULL DEFAULT NULL,
  `university` varchar(255) CHARACTER SET utf8 COLLATE utf8_general_ci NULL DEFAULT NULL,
  `start` varchar(255) CHARACTER SET utf8 COLLATE utf8_general_ci NULL DEFAULT NULL,
  `end` varchar(255) CHARACTER SET utf8 COLLATE utf8_general_ci NULL DEFAULT NULL,
  `faculty` varchar(255) CHARACTER SET utf8 COLLATE utf8_general_ci NULL DEFAULT NULL,
  `major` varchar(255) CHARACTER SET utf8 COLLATE utf8_general_ci NULL DEFAULT NULL,
  `grades` varchar(255) CHARACTER SET utf8 COLLATE utf8_general_ci NULL DEFAULT NULL,
  `degree` varchar(255) CHARACTER SET utf8 COLLATE utf8_general_ci NULL DEFAULT NULL,
  `user_id` varchar(255) CHARACTER SET utf8 COLLATE utf8_general_ci NULL DEFAULT NULL,
  PRIMARY KEY (`id`) USING BTREE,
  INDEX `user_id`(`user_id`) USING BTREE,
  CONSTRAINT `db_resume_education_ibfk_1` FOREIGN KEY (`user_id`) REFERENCES `db_user` (`id`) ON DELETE RESTRICT ON UPDATE RESTRICT
) ENGINE = InnoDB AUTO_INCREMENT = 29 CHARACTER SET = utf8 COLLATE = utf8_general_ci ROW_FORMAT = DYNAMIC;

-- ----------------------------
-- Records of db_resume_education
-- ----------------------------
INSERT INTO `db_resume_education` VALUES (27, NULL, '1', '1', '1', '1', 'computer science', '6', '', '9210504083');
INSERT INTO `db_resume_education` VALUES (28, NULL, 'a', '1', '1', '1', 'computer science', '6', '', '9210504083');

-- ----------------------------
-- Table structure for db_resume_project_display
-- ----------------------------
DROP TABLE IF EXISTS `db_resume_project_display`;
CREATE TABLE `db_resume_project_display`  (
  `id` int(11) NOT NULL AUTO_INCREMENT,
  `name` varchar(255) CHARACTER SET utf8 COLLATE utf8_general_ci NULL DEFAULT NULL,
  `link` varchar(255) CHARACTER SET utf8 COLLATE utf8_general_ci NULL DEFAULT NULL,
  `user_id` varchar(255) CHARACTER SET utf8 COLLATE utf8_general_ci NULL DEFAULT NULL,
  PRIMARY KEY (`id`) USING BTREE,
  INDEX `user_id`(`user_id`) USING BTREE,
  CONSTRAINT `db_resume_project_display_ibfk_1` FOREIGN KEY (`user_id`) REFERENCES `db_user` (`id`) ON DELETE RESTRICT ON UPDATE RESTRICT
) ENGINE = InnoDB AUTO_INCREMENT = 7 CHARACTER SET = utf8 COLLATE = utf8_general_ci ROW_FORMAT = DYNAMIC;

-- ----------------------------
-- Records of db_resume_project_display
-- ----------------------------
INSERT INTO `db_resume_project_display` VALUES (6, '11', '11', '9210504083');

-- ----------------------------
-- Table structure for db_resume_projectexperience
-- ----------------------------
DROP TABLE IF EXISTS `db_resume_projectexperience`;
CREATE TABLE `db_resume_projectexperience`  (
  `id` int(11) NOT NULL AUTO_INCREMENT,
  `name` varchar(255) CHARACTER SET utf8 COLLATE utf8_general_ci NULL DEFAULT NULL,
  `start` varchar(255) CHARACTER SET utf8 COLLATE utf8_general_ci NULL DEFAULT NULL,
  `end` varchar(255) CHARACTER SET utf8 COLLATE utf8_general_ci NULL DEFAULT NULL,
  `description` text CHARACTER SET utf8 COLLATE utf8_general_ci NULL,
  `user_id` varchar(255) CHARACTER SET utf8 COLLATE utf8_general_ci NULL DEFAULT NULL,
  PRIMARY KEY (`id`) USING BTREE,
  INDEX `user_id`(`user_id`) USING BTREE,
  CONSTRAINT `db_resume_projectexperience_ibfk_1` FOREIGN KEY (`user_id`) REFERENCES `db_user` (`id`) ON DELETE RESTRICT ON UPDATE RESTRICT
) ENGINE = InnoDB AUTO_INCREMENT = 6 CHARACTER SET = utf8 COLLATE = utf8_general_ci ROW_FORMAT = DYNAMIC;

-- ----------------------------
-- Records of db_resume_projectexperience
-- ----------------------------
INSERT INTO `db_resume_projectexperience` VALUES (5, '123', '12', '11', '111', '9210504083');

-- ----------------------------
-- Table structure for db_resume_skill
-- ----------------------------
DROP TABLE IF EXISTS `db_resume_skill`;
CREATE TABLE `db_resume_skill`  (
  `id` int(11) NOT NULL AUTO_INCREMENT,
  `skill` varchar(255) CHARACTER SET utf8 COLLATE utf8_general_ci NULL DEFAULT NULL,
  `user_id` varchar(255) CHARACTER SET utf8 COLLATE utf8_general_ci NULL DEFAULT NULL,
  PRIMARY KEY (`id`) USING BTREE,
  INDEX `user_id`(`user_id`) USING BTREE,
  CONSTRAINT `db_resume_skill_ibfk_1` FOREIGN KEY (`user_id`) REFERENCES `db_user` (`id`) ON DELETE RESTRICT ON UPDATE RESTRICT
) ENGINE = InnoDB AUTO_INCREMENT = 6 CHARACTER SET = utf8 COLLATE = utf8_general_ci ROW_FORMAT = DYNAMIC;

-- ----------------------------
-- Records of db_resume_skill
-- ----------------------------
INSERT INTO `db_resume_skill` VALUES (4, '2222', '9210504083');
INSERT INTO `db_resume_skill` VALUES (5, '111', '9210504083');

-- ----------------------------
-- Table structure for db_resume_user_info
-- ----------------------------
DROP TABLE IF EXISTS `db_resume_user_info`;
CREATE TABLE `db_resume_user_info`  (
  `id` int(11) NOT NULL AUTO_INCREMENT,
  `name` varchar(255) CHARACTER SET utf8 COLLATE utf8_general_ci NULL DEFAULT NULL,
  `university` varchar(255) CHARACTER SET utf8 COLLATE utf8_general_ci NULL DEFAULT NULL,
  `email` varchar(255) CHARACTER SET utf8 COLLATE utf8_general_ci NULL DEFAULT NULL,
  `user_id` varchar(255) CHARACTER SET utf8 COLLATE utf8_general_ci NULL DEFAULT NULL,
  `introduction` varchar(1000) CHARACTER SET utf8 COLLATE utf8_general_ci NULL DEFAULT NULL,
  `thumbnail` longtext CHARACTER SET utf8 COLLATE utf8_general_ci NULL,
  PRIMARY KEY (`id`) USING BTREE,
  INDEX `user_id`(`user_id`) USING BTREE,
  CONSTRAINT `db_resume_user_info_ibfk_1` FOREIGN KEY (`user_id`) REFERENCES `db_user` (`id`) ON DELETE RESTRICT ON UPDATE RESTRICT
) ENGINE = InnoDB AUTO_INCREMENT = 27 CHARACTER SET = utf8 COLLATE = utf8_general_ci ROW_FORMAT = DYNAMIC;

-- ----------------------------
-- Records of db_resume_user_info
-- ----------------------------
INSERT INTO `db_resume_user_info` VALUES (1, 'Shiqi Zhou', 'unsw', '77@qq.com', NULL, NULL, NULL);
INSERT INTO `db_resume_user_info` VALUES (2, 'Shiqi Zhou', 'unsw', '773@qq.com', '2376970205', NULL, NULL);
INSERT INTO `db_resume_user_info` VALUES (3, 'ss ss', 'unsw', '22222@qq.com', '4827760457', NULL, NULL);
INSERT INTO `db_resume_user_info` VALUES (26, 'aaa', 'aa', 'aa', '9210504083', NULL, 'data:image/jpeg;base64,/9j/4AAQSkZJRgABAQEASABIAAD/2wBDAAoHCAkIBgoJCAkMCwoMDxoRDw4ODx8WGBMaJSEnJiQhJCMpLjsyKSw4LCMkM0Y0OD0/QkNCKDFITUhATTtBQj//2wBDAQsMDA8NDx4RER4/KiQqPz8/Pz8/Pz8/Pz8/Pz8/Pz8/Pz8/Pz8/Pz8/Pz8/Pz8/Pz8/Pz8/Pz8/Pz8/Pz8/Pz//wAARCAMfBLADASIAAhEBAxEB/8QAGwABAQEAAwEBAAAAAAAAAAAAAAECAwQFBgf/xABAEAACAgEDAwMCBQIFAwMDAwUAAQIRAyExQQQSUQVhcRMiBoGRobEywRQjQtHwUuHxBzNiFSRyJTSCkjVDU2P/xAAZAQEBAQEBAQAAAAAAAAAAAAAAAQIDBAX/xAAiEQEAAwADAQACAwEBAAAAAAAAAQIRAxIxITJBBBNRIhT/2gAMAwEAAhEDEQA/APyQfkWgdEEUhQAG25dkAA5LzoWAAejKBDSRClERaIaAnwCgBQ3RbFAQtFS7tuCcFCkC76CgiV7FotEryA9huUAQupSAEtRQL8ACUXgV5AlA00lsTYogovyWgIDVfb/YyArUbMbMugEBa9iAWMXOVLdmpRgoKr7+UzKdNUOQFELWmoAbLTcNfuC1rqBCGmtdd15IAole5omyAUGP5LpT8+QMguzG4BLXQVrqUm4AGrqL01IBEt7A33KBk1FK1ehAAe+mxDVfoAJVljV67exNvgAcsM88eOcI1Ut9DiFADeT6drsvbUwBwBDkhkyRxuEZPslujA2APV+BQHAE1Yr8ynLF4voyUovv4YHEt9diclJzoA3FaMo+QIC/AWoE/I7OXH03+Dx5MOSX1v8AXBo6w5AUTijXOhmgFAtDdaAZLudnF1GKHRZMM8EZTbuM9mjrV5KJQLVfAIJxsNwVLzsBmqHGhr+Ccger0Xr/AF3Rei9T6XhlB9L1N9ylG6vweV/AFugfE5D1KQipyUBrQIlCtDcZdsGqTT8mVFtNrZBU3IUACFogCrFUNgBCv2AAUQDQgbko18igIP0FD5AlAoAhOTV8BuwJRKui/IAPQjVJAcAOCF4IQKIUEEAKBCFAEr2IaIBXGop+eDJQBAAQQFIBC0CABQBBKBWAORFIU0KvkckooAvsTgpQKHTqgUC/ACAhQAFeCjYvyAoAUUAUgFTaZeCcF8hAfAqgAHyWiAUCgAArQ12tw7uFyBkUC15KDTVabitCyk5JXwQAlqvcNU2BVgK9hyPgAPNj4G5a2oCCvY00kk+fBAJwUE4oBQRaHAEHBSUALeo4FAWUnJ6lxuMb7o22jJaAzyWxWgAhW7en7F51J/IEFFRa0AgYrXQr03ARSvXYnLAAUKKSgA+AALbqnsZqilSAyKLyUCVt4ZZxcXryac39Pse3wY33AVRPyKOQHC8kqi0CiFBa/YgyXUsEnKpOl5Js9NQIC0WEO+STdK92BkbnJmxrFPtU1JeUcfyBYvtu618ka8FoRpvUCcArVSdHNi6XLlwTzRg3CG7oDgJT5LQq0BGOCkdaUBKK3YABR03/ACKpVFr+QlcXqZAAtEARk4t+4BAAotaEIA1LfsTn2KC2vkX+hb0IiCDa65LVkaCoaxxjKVSl2ryyADTceyq+5cmNykAgoop6fyAoheRyBGgK10AEKPk5c8cUZL6Mm4tbPgg4vBN2XYJNvQCPRgrbb1IAu3qFugQCyXa37coSlb219h+pAIC8bEAAF2AhC0QgUQvAIJtuOS7Dn2AhNjsdZjxYs9dPl+rBrR7HAWYwS041z5Lf6gnwQTkDkpBCFAEBeSATYFIQAUgHKAWjQApaAmxQEUKBQUACgKALsgA3BaKIWvAo1GnJXsBmtCjlpbFCJ8CrLwN2AS1QfsX+wAn5j5LumKAgNNPfwTcocFTdVej4IUCDkrFAK1JsUq1avYCV4JsV7sUA+S6WwQBQLRAFaa7gDkBxQKALFJSV7ewlWtLfgVuQoAV7BJydL9gFaIhppxk091pTEYuTSirZBOAW9K4G5RCUabbSvggEqi8gUAqtwPFl4Ai0euxZvuldV7IgoC8k9wUCV4FeS8DkDnx9MsnR5M/1YJw/0PRs4GOHWzIEAvYfBUBLt/I4BU6kn+zCpROKZqTuVk5sIgovIARptXsWSSl9uxKtgCfJRVAKbbk5KABLpaMoAm4FDkCyadUqIGUDJz4erz4MGTFiyOMMq+6Pk4QBCptWlyBepAIAAqhQqxsBDlwwxz7vqT7KWjOKvJQIW9KrUV7EAELyyABQ8FfuBAKQ8AKC02FeQ3YC2Styk+SCFArUCKuRQ+QBC2+2v2GoCm5KN1HsWv3eDPIE1FUKL8gTwQAAW61RHuAG5YRttN14sg3IDWpC7MAQlFDAlD4NxScZa6rgxwArYfIABqmO10nW44N4s0sdrSSaqmBx8ELu7IQak3Kr/UzW4BBB4L8EADgXaHAEAoASt6KfSfhv8Q9D6V6P6r0HXelQ6xddjqOS6lB/NbcnzfwZEDVMr1ehPBRAAAAqqvke4HKUA0HJQKAIooFAugoAC/ASKEQvsKKt1ZVQF502L20tAibF0SIUCUUAC0KXnUAAB+Za0AgKN0UaUn2OPDZmgvfY5s7xNw+lFqo6t8gcIA1AFIVaMBRC7sAKBeNdiAQuwAAcFq9iUArYUc2eOKMcf0pttr7jiKIalCkr5Mmv4Ai31ZZUn9pNQBDcJvHNSjuZG4FnJym5Sdt6iLcG+3QlFugIQ01ywk5NLlhEFeC1U6eyEqv7dgIL11W4ooEr2HJb8kAvDJwaWr1IAjrJJ6J8lcalS1RnkoFku37WZ+AUCciiitQJQLWojFydICcjkbblqwINjUYuUkorX2JJNOnuvIGeNAUtAQhQAexK8lr2ACtjeHFPNNQxxuTMGozlCScG014Ak4uM3GSprezJuUnKTbdyfLMgQAeQLFq9TPwUBQUOR8hCg9X+XA2DX7hU41G5aJwA5JRQQQfJaEV3SSQEvah5ssouEnGW4AzsxReSAacainyZNavRGf2AchLR+wAE3epzdJix5urx48uT6WOcqlPx+RxEH7Jdn1DpV0fW5MEcsMsY7Ti7TOv2txt7WT5F0hJCbj5LVgCDQvA5IJyNR8gCAUXj4AlkfsUgUDWi9wAJQoo3AlMaMD3AE3KacPs7iDJNi86gCEKNwBCsn5ACFAEBQBOSF4IQN2CkIBCqrV7exrKod7+n/T7lGKAZPyIAAAgKCCCgNQDeitk2AA5h8FNpRcHr9yNjBeRXkAErKKLQE50LTAKijVgcgK0KB8gOS7bDgVsA1KQtAahjnNScFairdcGTePLPFGShKu5U0ZL8ELWgFAAC/kBC1+gF8AB8lJsAA/gviwBN7bHyUB5HA41HJQLwrJViwD30FAtAQcjgtASgWgETiuTUYuVkKBCFStl2euyAlW6QObDk+jnjkhFOuGYyz+pllkaSlN20tAMCtRReQJW1DbYvIryAIUAH4ROBRQIagoua79vKM+C6gamoqb7X9vFnL1OLDj+m8OTvtfdxRwc6gBWmgFACFWrLuqEklVPUDNAv/KFfqAoJ0BQE4LWo5J8Abj9sk7oy23Jt7vyG73FANiF33FAT+CFo5J41HHGSkn3cIDjerIaHKAleNh8F2smwDZ6DcEADgFAz8lKKAipPXYr3024FEoBwTcvyQAXj2GpKAmhS1aJyBNkPjcpKAu7139yD5L5IMm4fTV996+DOwCpdFptWSjXbLt7mn2+QMCtCl5AzyPkpAIKKAFNbkNOTkknsjPyBVFyulsSjd9jTg9zG4C/JCkIAAAmoNfJNgFa/JGqbGz3NJq7a08AZqiF5JzqFCFLemm6Azs0V81sHqwAtdrvfyTgDgCApPyIBarXcgqwF3wQvwNgJ8AoevyBCFAE5IaSVuyVehkHqQAARlAGShgCGsmOeNpTjVq6Zk3ky5Mnb9SbkoqlYGCAUQQvIIBzlAo2BppcEAFGw4GwAtBF+Soe4FFryABSAK8lAoC6jewUCcBcFobFAAAUcChQEFFHABqgBwEDkwuDyJZP6V4MDYos+3vfbtxZktWKq6IpWhCitEVCxxoXgJUAqkrIblLugl4MAKKBQE8gtajZ6AKp6/uJRpqyyk5O2K1Am5XqyfkygTZClWm/goqlYEoUUJAPgeAnT/uAJyCigBKNSi0l7gDPLKtHqWrutiPTcAKorpbEqwAK9j0ur9J/w3ovT+of4nFP6zr6Sf3L3/YDzK8ENU4q2hvqBkGtaGy9wIN0P4H8ATQsXT2sVoNwI/b9C/IryXd6lGaoF3epWlwBkbooILGSVpq7MfkaDAjAW6or1evIGaGzKPYAQteABK0vgFX6IjAeQDs4+lWTpJ5llgpQ/0vRsuaOtRCgglF414GwANqlS1Pe6z8Ow6f8ACnS+tYuuxZfqNLJh2cbv/Y8Gti3JpQcmo3swjG+5TebGoSSjJST8HHwFKsAAQvzsUgEZyfWyfQ+lf2PWjDd7iiDJU6kmv3BVVNNa+UVUlq2608C12tNfcQpBL+2hdpeQAJx7Auy+SVqBAUAFFybpWSv1N45vHLug6Zl768gZKAQQhS0Bmi/IHIEIa4AEIUgU0BdtxQGS8gAQFIQCxbT0IAJyX8hRAObp8kcU3KeNTjJNUcL3dbF49jNPwECGichQmz0KKsBWlsyUhAaWlENP2IQRgBgQooAQFeqsnOgEAFEHOUtaD/SbDkcaHJhx/Umo9yj7mGqlT4CJ+RSm8UYzyJSdJ8lGChqnrrQr2AV7mrXZ21917mSgWMXKSS3ZDSbTtEXICgcmLDPM2oLVL4MUBNi1sClDgnyXb8yutKCIK1KPkCAooBRCiv0ADgpAAryUXqUCal4Nzw5McITyQlGORfbLyBgePILpVc2BKCKQBwFs/JeRyAFV8gUA3YFD8wHILWgq0BAVitAIXccD4AnyVK71LRKAha8m5KKkqZnkCck5OSc+5R0SrlGaAa0icD5KBqE5Y0658ly5Xlkm60VaGCL2AD3KNvkogt9tNuvDFbD2Ark2km9CChxZAWw33NJtBu0UZoVZSAVqv+xElyXfYUBkFG/5gAOQATp3+wbttrkACA0tP9hJ9ztL8gIiw7XL7np7Gf5LXgBJJSai7XkgoAQF2QbtkCtAyf8ALK9Vq9AJuP8AmgS/Yc7ASi1fywALKPa6fyZValG/yUTct0/kbbgghNylqlYGdhX6lFaAalCoXer4MJeQAHkheABKIUvIGaoFrcAQCh5IqVsXZ+QQIg2uigKnABeXQEJRfyHwBANbAC9NSFqt+QQRk2Ky7rXdAK+1+TPgUX+ADdv/AGIWtQBkF+dxQU07XZkpAALqQB8ih8laprXggmy9yFFARFTpPyQAQDgAQvyNkQCAFoyIQpAF29SUUAWEHOahHWUnSRc2GeDLLHkVSjuY+PyNSlKTcpScm+XqUZIaIQdgCis2gt9CrR+wFAOdC15AoCgcloC/Tl9Pve17kLbrtvS9iAWixVtXtyxXgPkoqk4TuMtuVyZLQoIcloAA9wNx8gOS1afsKG4EHwXYUBUruuCBWnoVIogBQFajZ+4LdsCfkdrqevz9V0uDp8rTx4F9p1aHFACvfQACA5MOGebLHHii5Sk6SJlxzw5Z4ssXCcH2yjLSmBgaFRdk73AyUFoCbii8Cr+AFVuSy1qAIC0AFCxuhQCvI+QAG9DgtACV5FfJfgvDKM6Ao+AIKLQ2AJc2CtVRAI1qgXlWVgZrYrjovcVoPkCBc+S6jkBpTIX5FAStAWrXuOGBAdjDlxxw5ITx9zltJ8HAtQIC1ew9gJVsfJUrdc+SNU6AFlDtS1uybCgJ8DU0o2ybMCEo0TUDTcPpJV9/kzuPkf8AKAnBqCj3fe6RKsUAmlGTUXaWxNmKH8AR6jU0O11bTpkBpdtp6+DeLDkyQnLHG1HdnHRuE5QT7JNeSjHBNC7kIHILuyAQFAEIaSt0tyNNNrlAQUVtUTkBQ3HBpY5vG5qP2rdgZlSemxK2NzUFXY9zAELF1LXVeByQCt6utvBBQIHgFVXrsRqmFQGklrfgzxqBKFFGwE5AFewDggACiG1G493C4MvfQCbjZgMghVWtiit3v+wE1/IhdrrkLdfwBCGp05aKl4M8gB8bFFaLyFZBQBCxXcnrtqCACFIQCFZABUlTvfgEAVaZPjYADWNKeSMXJRUnTk+Dsep9H/gOtngWSOWMdpx2Z1SURP2bmoNRlco2jJCKr9iMABX2tpaIhSAdkclBtChRS0AFAtAC1+o4AF0IUFChyC/IQrwUm5QIVAbAAAAqgUFDkDf5ACi0OQAryRblHGwHJnnHJk7oR7VXBx8D4ADYAoEKK1IBzdJ1OXpOph1GCVZIO1eo6vqMvV9Vk6jO7yZHbaOIfJROAXgq3oghd9ycl4AbDSvcAB+hC0Ch8bFFE5At6afqTVlGzAnAXBeBuBWtL4HbUe4PTZk/gAPPJa8jnXYCVpqKAoBpS8k0Nyi4pXs+DIGoON/dtXBktae/gKtbAmwFFpV7gQmpaOzOPT/4KMoyf1m9VwB1t0aSj2PySiAQtFCVgQm5dvyAHZ6DosnX9Q8WFxUqv7nRwThLHklCekoumhCcoS7oScZeVoS222+S/MGa8F/ID5IJegNV4ZL/AFAgvSgUAlbI9LXgACCvzKPgCUObZq2otcMzxqBvL9P7fp372cZaADTwQ5bh9Dt7Pv8AJxADkWSX0Xj07TD4ocATkn8FAEocF4Kqv7tvYCbkK0rdFaXbYGBRUGqeu5BNQ93/ACUgE5FeS6E41AbmoznGMoxl9r3M1a0W3gUA4JRSfwBKBfgAQhqiUAohRXPAGQUPkgE4KQKgKP4AgHI5AnBSF+QJzrtyayKKm+x2iJ1dEAUQCyCpar+Qo3JJbvkmwAVTafBCsgD4AoVuFHqStEUgELwOCAOAABACkEICgQ1ilGOWEpx7op6oyOAN5njlkbxpqL8nFRvj5MgQNAtEE22J8FG+5BnkuwoAdkvBcce6aV7+Szg4TlF61yjaIC17AAOSloCD+RWprkohaBQicbFA+AHIKNwIUV5AA24f5XdfOxnT8xX/ACyiUDcVFxlejrQlAQDSwAFaF3ACvJDRP4Ab7gbblAhRQ1AEqty0c3S9Ln6zI8fS4pZciTfbFWwOGrqv0Nzxzxy7ZxcX4ehlOpJo5eoz5Oomp5HbSrwUcPILyOCCVsXgUCiF9wKADkasAUlFLVoCcquOCzl3TbZKAELWuxScAWUJQruVX+5N/wDc1Ocp13O68kTpNICMcl0pgCUBXsUB4snJeABL0LwAAD22FDcom3JUABGhsWgBBtsXb4HAE3sFrXQjQDQV5Bp21rwBKp/JHFp6qn8GttRObm7luBiqYe+heR/AErUPfQFAnIa0+SgDIo1Vpk4AC9SkIMgrKBBqBQESTkr/AFOfqcePHNLDk701v4OFJt0lqHFp09yifyBx7iiCbApKvYBt8BLXXYtWmTUA1T028h+4oUBCt2l7EK9SCew9gQDlwZ5YZS7UmpKmmce7pghRAUlEAhtOotVaZnkoV5IUnyQQX453LuAITcorTTcCfA+BXgAFoQoIqVoKBAAKKAl/sTcoAnIAqwIwUnID4N5MTxxi277ldmTUpp9lLVD4OOrFeSy1leyfAIITkpAqyhKKTa32JwalJtJN6R2RngCfIObpVhfU411LksLf3tb0Xq4YYdVOPTz78Sf2y9gjgoUNfA5CoOC7AggBNmBW/YyUUBPcGk6vwzOwEIX4HHuQCWX5IQdtKi7v/chdzaC4KCgT+QWv2BRaGxfYNNMIhS8ABQBa9gIUVsKAUNAX4KFkKNmA4AAAFFewE+SgtaASr3FgABRfcAQpfAKJR3fSPVeq9I6t9R0clGbi4u0dNxpocAWc3Ocpy3k7bWhkvI8gSgbhV/dsStwJwNwVaMCFGrbFATYcm17maAtaEKXt+2+bAz7D4FfmWt/AEBaAD4JXkv7DdFF7X2t1oQttKuCAStDUVrpwNhsBAAAJRoUBAi/A/gCVQ+S0K0AlagorTUCXsK8GpJadupn2Ango4AAm5fYAHoSi0VafBRkhyQSd26RkghDUVbVG8uL6c0u5O1ugOMhppfmTYCVYrwW6Wor9wPR6D0r/ABnp3U9VHqMcJYFf05PWR5lGlJx2e5AIb7V9PuUtVwZoAZ+Sl/IlUAi3GVrdFcnKTb55JVl2XyQZ3HJaFaAZa8bF2FaCvIG8eV44SikmpLk46Lx7kAhVXIqkAIOaHBQJWhNL8F5AEC4oFq3oBkMpH7gGE+UXx4JWpAZBVDkCD+TVWybP4AlENJ18EAgFl5AhLL8jcCXoQrIRT43FFIBrs/yu+9VwZrT3INmBU625JuUngBRC1qTbYAQpABC6fmCAQ1FRd9zoii26QEoU1T4YLf20wMjyWicUFQFAEFFIBAyl7fttEGSGicq+eQJwQr3Y2Aii5SSirb8ckaabT39zkhkliyLJB1KLtexmcnkm5S3l+QGSFIZHcWwBa8G0OSgV5Ki3ppyBXgUBtx7a10Zku4ALf2LR2cE8MOlzQy4+6U19r/6WdYoDgvHyK2AfBKNV4IAHyXYUBPktaVyKLQEoL3BQFDkVZeAIW722L23FvxwQCfI+Sj9wALQAiQ2Y2Zr5KM3qCjgBvsKAq2AryKFFoCbGoxcm64JRdvkCAqWpKsBwbg4fd3q21oZ/g2+z6ar+rkDjKXz7EoB8D+C7biyjJRRdW0iCDYtU9d0Sv3KHwOChICUXkACVb1LReSblE9gWv0FASvAotF+QM68Gk+29NfcbMN9zAz8irdF/nwAJYovHuErpAJRr3Aap0wESqRC7j4CpQLRa2AyXcV8DlAFcdV+pHqzfdWJx5ZjkCfIrwXdl2AyP4LuwufKAhDT+CUAomz1NKNsVowM8akNVoT+QBDVEr2IIP4FfJVV67AQKN7blrT2JqmAohf8AVr+orcCAUNiCAu5CgluTkvAogUZNE/kCcIbFoAT+CVRpOr5JXgBwQLdFaAzQLsGQQRS7vu2O76X0mPreoliyZ1hfa3FvZv5OnOPZOUeYvcCNV8IjVMD/AJqBAWtxVgZHBr+SAQsISm6jwQqbjK4umgrOxavkXr8gCVRCtVv+5CBuBoW12r2AyK/UtaDgCLdXsHV6D5IBZNN6bPgieugHJBOQXcgAfycnZWNTTTOOgoSigCcEoor8wJR2pdLFenw6mOaLk5OMsa3idYgDlkK3ZCAQACUC1uCDIO11HQ5cHSYOpn2vHnVxcdTqhHdXA5LVL22JybQOSEYtSt00tDO6FAC1QNNrsS5QGaYNRdEAtFrREKURWU3ii5ZYpL8mXNLvzSl29rb2A49n/uXkCvIAF5IAKtne7A5AlFC5LFbJsCUOS1VgonHsNylAlAtfqFpYEKABBVGg9QIKFamp7+wEoB6D4Ahd2C143AOq0HyQtewC9RQ4oFE32KUvFAZSTu2N9wK3AfAKAF6fBC0ABOLLVAoLUFSuhWoE5FeC8MgAVbNVrT/cmwCibFrT3AAl2VaPTdhrwETYc6mlG4trglBUe+gKbnjisUJKdt7qgjjBf0G7AhDSVkoCFGzHIE4ocGlZK1dgE6WxKKyBQe4PS/D3U9F0nrnS5/U8Cz9JGf8AmQavTzX5klHmbsq1ep7H4qzeldR6/ny+iQcOjkk0u3tV1rS8Hj1atbCPsCzak1SrTgzyWifJRAU9P1D0H1P03oOm63q+llj6fqVeOTad/wCxNHl0Krk1N91Uq+CJWUQNUk+GKH56BUFfoaxtKX3K0yPd1sBkb7la10K0kBndfIp0nwXcvc+xxvRkGRejQHJRBV6paDgqk0nXJBmheg3sAHqSqV1oUrdpJgR6oyX4FeSCD+S8krQByQ01SWpPYCBJv+lN/HBeTsdB1k+iyucYqSlHtcZcoDPTdMuo76yRhKMbSfJwFk7k3tfBKAhDVfoQCGpvvepmi/PBBmhsi0QCcWDn6fCs01DvUW3/AKjinBwlKMt0Bn4Jz7loqdNNcAZHJp6mQLKTdXx7ETq7W4r3AVBYBBAGgBCqLlJJK3toAm4u1uAacW4tU0Q3km8k3OWsnu9jAEDLyQgAcBhQm5QEKbTa4IXudVwzIVa0sgIEVK3RlrVloBU0pVuR+xSUQFSeo59gN37gNXCr0XBmi/IA7t6U/wBACmmQqFAB/BdCoUUNKVDYoQAFoAE2na48Dd/PJaFae4EBTUJRV2rtUBnnQVoblTUe1ao5Op6XN030/rQcVkh3wb5QHD/sK01BeAIPg9OfovWR9Bh6t2p9M8n035XuedRRCUXa+C1qAJyVataFlXc628AZ5HkvBaAyVLyC1W4E+BRa8igA/It6O/1AEAAF+QKstFGSl4VE+QHILQaAhUKHiiibfIopQJX5Ci0SgFfsWhQUbQEoFNdtwcr1AztyT5NEAVVFVJa/qOBXsAk3LV7kocamoxcpKMVcnslqEZUbQOTJjyYMjx5YSxzjvFqmY3aAdul+OCcFrUUBCfJrj3FXuBCGlqxXAGaLW9Ch7AIvtegNVa0Wvkz/ACBBXyVoV4Alh3fv5LQ432KM7A0KsCE3LRKAclvSuNyUPkB8ErUvOg5IJtse51v4o9S678P4PR+qnCXT4K7Zdv3OtrdniE0sTESHPyVPtla3JQAm71Jya/kgEq9RReNCbAEKBa2XIGdhX6lce1tPcPWvYCPclaovuApV/wBJCptbE4AhUrYJtsQJbk+C/I3Ac6ke7ocFoCbk49zUoSjFNppS2bLCSin3K0yDFfuKASbdL9gJQK1TaZPyAtaKjJfggAfIryKvcCBnZ6nplhhinHIprJG9ODrcAVxain52Mt2ivUATVuybs5sSxKEvqf1Vo0cIAhRuQQUag0parQyt9AFWT2L8hqwqFk1pRK2Hbpa2QEJWpQ3ZAJvfsK3GoCiFogGoQc5qEd5OlZz9T0WfppZY5Uk8bqVOzrW09DkyZ8uWTeXJKTejbYHGKFeABAwKIBOBuABrGofUX1G1B+DJPzCrOlJ9vHgyX3GzAlDkXZGQQfPBSACF5FAd2tS0JLbXQLQ0yUUUCil8AVoAQ9hWhasBwNhVl+QHkvHuKv8AIAQpSVoA5OfqOpz9Ssaz5HNQXbG+EcPkANqKK9hWnuUdhdb1K6P/AAizT/w7l3fTb0sz1OeOWWNxgouMa+Tho1DG8ku2O7Ay33Nt/mC7N+R8gL1JVlrcvIEotaCmKAheQOdQHIKK0KIK0LtqKsAK09i1Q1AJ66EvUtWAGwBqNK7KM8+xYrukl5IXYgSj2yr90SjlwyhHJeSPcnwYfHsUZovOpaJQBqmBwUInAT1LX6jkKm35lqhX6AIUWKXcr2IX9QElFzfbouCVVgASjkw5Z4M0MsP6oPuXJjkVqgO16l1+X1Hq31OdJTpLTQ6k1WNs1ucHU5O3E9dFvqJkMeVZE3etiGaModz21dnm4M9Rnb/0fvqSGWKwQi/6Y6y9zn3ax7NWr8lvSuDo9N1Mpw7p/kvJ3Iu1T/q8G4nWcXjUnwa23HwaGa10BrbYaXrsBOCbGnV6bMgEIa3FKtQJyORQqgIC0NAIkKL/AB5KouQGBRuMJTf2ozQE3Jqa4FaL3AyWvtfsK8igIKKAITQorgCXV0CpW9eSbEEGzAAX5Eo18MNeBwBKJRaADtuL8+CFGyAyK0NUTYKnBP4NcairQGRzqVolAbnllPHGEnpHZGJRcd9vI5Ftqnt7kEoRbTtbopADdtt8lUW4txWi39iBNq+16MDI+SkIHBPku4ryBYySf3K14M86FJWwELwV0kixydsJRrR+QMcbA0pdqarRmWASb2M1ockMnbCUa0e5gSIWLcZWuCcjhkB6ybfJOS/kQBfjgfAAEolGuCBUBSEE4HJe1pJ1vyTkA9G7FWW9dSXogJQLRVq9QMkfBf7E5tgB7AEEJyU5s0sMseL6cXGSX3/IVwCqAAnOooACENbkIJz7oSfc2/4LWum78EA71FANslF2G5qgJwq5KABUK3oaWiurdbAQvBRQFi3G/cnBaKq7Xe7/AGAz8FHAAlexS8gogovI86ACxk4tOLp+QHrQE+S/A2LQCjEpadq/qa0szmyPGk0rR0up6iLqePflbEmcHPPrIRxpv+rZrwbxZ4rDKUuZOkteTxupy/Uy9y53rkuHNKE009Vsc+/1rHuwl3Wv9S3rg3R52DqIwgoQ1rWUvLO/ilKauR0idZaBqKtqw1rpqjQnAouyHwUORVFogCiyq9CUAFFoVoKA3LDOMIza+yWiZh6G3klKCjJvtWyMNeAiLQvJUNwJwClAyXcteRVf9wISjVHHkyxxNd+ifIGy1qAuAJWnuUF+AIl5IaCqtSjNfuZnNRtPT3ZZ/wBOj243PJ6jqsiyOOVK1s1rZi1sV6Cy/wCd9NvSauJ5HUZ3DLmhxJ6iHV/Z9zffB3B/ydOb7pt+WcrX1qIXvpacjutJcGDeP+rV17pWclel0kvp41PJJY48X/V+R6GLInXalGL87nlY10/cm1OcvMpUehgzwSXZj18pM70lmXdWv5jYQtxTf+xap67nZlnkV5NUTgAlZONDXwQCbivY1Vv+5GqYE+CUaFAZ3Yo559NOHTxzOuyTrc4SiCv3Bq7S9iDKk1sTyXdgDND24NLdeCUBNi1wkPnYN66ATghyQh3KXn5MNAQalrUlACFJQENJqnpuiCgJ/JPnQtfuaeoGaIaqiEErQKNtL+QNmBGqJReQwM8lL8jkKzWg/M06rTdGQHJKKKAgopAJxqGXYcakGdR8mvNk05AE4HDHBBFRW7Svge5OAJQKAIQ5FhySxyyRxyeOO8ktF+Zj5AleSFY0Am7AFakAuOKlljGT7U3vuO2Th3U3Hz4MgcmfF9LNKCkpKL3XJxclIA4AAEIX5FBTufb28E3em5VpZNgNPG4wUvPBivY1d7k+QJqQvAIJsAP4AnKAACvYhpaL2ZkipyKKAJ5IUgAhSaAWMnGVrcjdvXkEIO+WtAVcm2SgUcAUtBIAC0PAoACl50KJRaom2xePcBQ3BfAG8uHJhnGOWDg5JSV6WmYOz1nW5usWL67X+TDsjpwddbCBBRaHgCfkUUUBW5DV2kAOHNG4u2q9zyOqjBydbrxqep10JywKaUu3yjyHHJPG2l9sd2c7rDrSVPyItXqbyY3CKber8GYPtkmcWnc6WcFJXt7nr4ZqauLv3PP6fCu2Mm+6G9rg9LDCor7nJcM70ZlybAFOqIVKmvAHyAe78E1LX5ABVslGv7kAfyPJfyHkIXaolF2YqwGxbqVh6DgCVqOdBRdgFlcrjXCJRaAhJxTi01d8MtCUe6Na0/AHmRzT6XL92uJvZa9h2oZ3kUckXo9o+3lnHng5ylUaxQVa6I8dZJ4LjGX2y3rk5TbrLT6GGSM1aej2e1mpTjBNyeiPLx9Z9Tp80qSlBJ6fJjJ1fepOTpS1Vmu8Jj2JTjFXJmYTUm624PK/xM8+V3pDlvWkd3pfvk29G1cY+3ksW0xrrov6fdGfa14Pn87m5/fLufmz1vUV223kTfh6UePkblLV2cuSWoYAByUN4nG/uMmtG1apewHr9Ji7oVizSXzG/wBz0MeOUErnde1HnekxgpXe57E4OEqloeqkfGJTZUR6vU127MzX7G0SqFalAB8ENUTYog8l+RVEGaBqhWhRLk49rf2riyfJqMe6SXL8ndzemy6bqFj6jJCPdDuUkB59FqytVJ/yQCVroC0OfcCEb102NUT5AhK1NcErYCbf9hXk15sykA5IlqaSJtZBK8k52NVpsK0YGeSGticAa+p/lPHSpvcwVnKsUX0/1O9d16xA4ODTVJa7k5JQDYUABKpE3NXpqQgl7jwXkgCtSexQ1QVCGiLfYCBOrK92TgCfA5KuRvsBN0gq1spCCBasDZJ2BOBxZXsSgLWmj/IiVvQck2ehB3Ol9Qz9N0fUdNFRePPpLuVnS/uat0/BAJRzPp2ukWdST+6u3k4mmlqtycVx8gTZELQA5YdTOHTTwKnCetHByaT1XkSdu/IEohSEE4BrcyAoJXd8DyANQxyyKXYr7VbMJa/JyRnKC+x1fgkIfUmop6vlgYq/yIakqbRnkKE5KTgBsiFGlkE3FaF4JyBAWvBABCkCnBCggyC8kAckbstEA9CtBWxS8mmQA1FJt9zAhUC8ASvJaLVj/llCtVoPyBQIX+DUI91661+pP7AQoWxQMTdQd/srOh9Z9PnjBX9OfDVUzv5JqEG7V+GeX1kbxdzcru/u0MWnFh6vfFS7b+7wao6HR9U54VGGNzyJfc7O7B5Gl39pqJ1GthReC1oUZukzq5upeNKcH3w5Xg5800otPuj7ni9Tlm3bkpP/AKkqZm1sWHdx9dKWPJ00ZXDWULPNWWXa426apnCm07WjIcZtMtOScrjE4wDI7/pvUfSy9kqSly+D3Yqkq2Pm+mxynki4xundH0WKnijWi8M78fjMttU2Tk1Q2Wh1ZZ0LRRWvwBzyw4v8DHLHJ/md1OHsdcvkASi1QK3YGSou49wEo9rFFJQDXyQvBd0wJs9BVlAAnBaK0rXIEr/wScua/Q1scWScox+2Em/ZAdTrc8ljairT3pniZsnfO9vZHpdVlyO+7Avls8vJrPVJV4PPeW4SE5Q7u1/1KmRO93sZDOaufBkUNXqk7UfLPR6Xq444PJnl90tfdnkJ00/BpTpt7t+TUWxHsdbl+tiTjGW10tDyZtNtUrXg5J5nNKL1vgmSChG+7fhf7ltOjr1QNNbsyYVU6ZvH2933ya+EMcFO13VLj3O3gwXGtp704v8AksRoYcmJZF2qcmtrkfQrql1EIOTipJVvZ5eHpsqjr2/K/wDB3+nwzg/vo9FImGJc16ako0XtuDd/kdUYfINADPJaLWpaj2vyBgbl4AEonCLQoCG5Tlkl/mSbrTXUzWmwAzX5gtWPgDIqmaoNUBmkK+C0OAMj9S82PgDO45KAJ/JOCgB/Yz8GtmAIStPktWanBwqwMB7L4FD5IJuNykAleQykr9wBOCu6IAJ/YorwBFo/NFbtLwG7I1QErVeStU/ccm28aiu1a1qRXETk1Q41AVs3szL0dfuXiuABOPYPb3Aar/sBK0IUcARvYlF3DIJ8jYFerdgZ2Kq5/IqVmfkDc8kpqN/6VSZxlrQnwQAUgEBfgnIE5HkpKAfBy5pYp48fZDtlFVL3ONqNKtyUBF+wrUFAnGpNvkrtE2IJuyw7U/u2YuieQDRNikqgpVr3XBDWl+xkCA0tX7k23IIcn0pvp3lVdidGGuXyO6STjb7XwgJRnY1sQCGpRcUm9miBvTV/kRWSF8CgBng1oSgPRRaAW+hpkoqVCigF7FrXQhqtvJYEKK1VgDUoSjBOUWlLZ+SHYy9Rkn0uLBNLsx24tHXAAqQoARNO/wByTk4+69jrzyO/tabXGzA58nbKL+6tfg8vPgi/ut1Tqosubqpd7abjLw1RjL1/1ennjyRtvZrg5WtEq4eizvFka+o4RlvStnodPkx/4ibj3dqWvc9Wzxk6do5o9RNOUv8AXJ7mK2xce1Pq445rG33T5SK+o7lSfbBf6jyMX9Lk5Vb1d6s5XnkoOGNrt8f7G+6Y5ur6vJGajrGcdJVszzsmRzbvl7vcZJJvRya4s47MTbWk4AYMgAErYHr+lSUY/wBOt7nrrZHl+mxlFJLn/wCR6taWemnyGJStFQL/AGI3rT3ZtFWjXsWbUp3FUnwZjJSWnBQGhWv3FF3AyX3HwAJRS3QAnALWoaAg1Ra/ItexRAkNy8eQH8DttOtgaUnG0tmBg63WdR9Bb6vZJWztPRaHVyfTx4XL7sjk/wBSSQ8XqOpyZrUsklF61Z1J77anJnajnl2xcV4fBxylbvyeSZ+ujJDV2q8E9yCAADkxNKWvJzqdStw7pt6ORrF0/dGM4K0zu9N0ilNXB93vwbrWZR508blJc5J8Lg4s8PpZpY/+l0fQrpcePN9SlWNdzPncs3kyzm95Nti1cIZTadrc9voezPjiu7sa4/28Hhnvem4aanJf5c1ot1ZeP0l3445Rl91SX/VszmFfkKPUwlexa1KQCVb2LVFrQAZBoiVtfyBueGUcUMmlMxVtJbmpqrXdaIn2u1ugM1T+CUaf3Sbe5AJVDbY1QhHuyKLddz3KM19r8EO113S/4TqPpvJHJpdxOtTILjgpTqTpGZKm14H8obuwM15LXjYoooyWUafz4FE3ZBBSK1qAMguyFWBCV5NUQDNB61epar4KBmtqJ8mqIBKBSUBKLf26FM0QbWRLC4OKt8nHwbTSi01v+xkDPIr2LWrAE2ohqvBK09wFWtOCGk2lXDIqvUCaV7ohXpsCBVVexlmrda7ECsgta6DgCUL011NX9tGeQJ5J8lAE3Bb0on9iA1RLq/gupOAFrtfnySvzKEreoBNa/BktaFAyQ0yUQTdA1s/YmngDJpuycmkrem4GRX2itSbgBKLjXctyGpNtK3dEGPcUKGyAjHOo1AVOQXggELarYAgPXYyX8hQEJRSrnXYDJDRAJWnwPg3JpxVIyQZHBSBXo1+xaH8ijTJwVexUAFeC8jcvACtSurVCgUVttJcELyAFCgUDjzY1OGqXzsed1EYq4PL+Tdnq8Hn+pQnGPepvtfCRm3g8vK5VTd0cNMspNvUycGwIBEG1TTVavlhr7klI1/VVL8zaxylLtTjpzZRxSbekknWlowcmXGoOlkjN/wDxONAAAQDsdJD6mVK9fyOvydnoYqWf7oOaS25LHpL2sUc0a+yLS9u1ncWtWjr4YOMVLBkcof8ATI+m/CnpHSetdR1PT9X1X+GnHC5Ym3Wv9z0x8hzl4Mn2JvdHB1OT6cceRapO9NTfXNYZOEpxUk6UuGePm6nJFyxdtRf3dr1/QlrYsO30/U9mdxlqmnbX/wCTO/nz4+nh35ZUviz5rBkrqISlw9S9d1U+qzNyf2r+leDEXyFx7WP1TpZzpycfeSO6mpK09Hyj48+i9FyPJ0XbJ32Ol7clpfZwmHfoPWLrfgteDodX1Esb7sTrJHeD5OkzkMsz6yL6nE7XZpav3O6upx5scsmNUlFNr3o+Z6iank+pH/Vr8Hc9Pzv6XUwk9ZQckcov9ax7TyRVvhblhkUpdr3PJh1X2xlPmPc/1pfwiYuqqUltOW8np2x/3N90x7SWgqzz11qXbHGvtbSXudyOXv6iUI/0x0v/AJ+RqLRI5auyxXdo9iFNImz9ixq/u/YUSTpf3AxOVL7d/B5efqbzuMl2XxLZnZ6qOSLeRax8rVHkdZPuStfmcr2ah1+pr60qdo4St66be5DztBqLSdvUyAAYAHv+kKE+nXbpJbp7M9SMFu1TZ5noXY8DX+q9/B61Weun4sT66/Vyhi6TLkktK1R8kfWepYvq9Dkj7WfJnLl9WqH1PpdLoYRf7ny59Z6bDt6HGpb1oOL0s7K3Te3gktXpzwUHoZTUbGMuWGKu+VW6S8nJQGS1qXgqWqtaclGaF1t4NTpyfatPBmgG6VbkNUQCAtaEAvb9id6+DNaF4G4EbbepKNULoDALWqKBmtNCGq0JzqBCG+xuPctjL0AlEoo2AjQOzly4J9HjxxxduaL1n5OsBKNODjCM+HsQa1r+gGd2OfJRRBNCFDAyWtHRpOk9NzPGuwEI0c+fB9OMJdykpq9ODh4AhYpSu3VCiPcCfmgairlroiNVJkGeRVvQpAHJHuWigYFeS+w2AhC8UKtXWhBBelGl77GaAgqkOHZe3RPgKzXkholAQFq+SPTcAlbS8+RKPbJp7jjTcO29dwM0KRQwM/A4LQIN4scJd3fLtaWhxlJQEW6aK9x7G4qPbK9+CDjoPSgGwJY9wWC7nT5Ay9y9ui1LKNOpbiFSnFTdRfKAzJfc1x5M/JqcUpNJ2vJNiCEKOQDVMhdyUBNi0WiBUT1Vble+w+CqqYGa0RC8/IaogyKKAMleoHAE+TLRrZoNeAPQSKK8GlXayohoha1ALdFFFoonjcv/AChyaSbegE4/Ibl1HIENbX7j+SATjXY4c6lCD7G9eGrRzTUnF/TpP3PP6ldXJayhXhIkz8Hl9Qo9z7YJPlpnAcmVtzadWuUcZ559bAAQXU5YRj2905ab0iY20vtb+DkjDC//AHJ5L9o/9ywjhyO5aJJeEYO68GP6ScZSeWTpJo4c+H6fdr/Tp+YxXAACAc/RZI4urxznsnrRwbDkuj65Y433w0flcm7cfny9Dx/SvUaSwZ3p/pke1Vr/AHPTWdhh1M2bG4vHlUGnw5I8Tq49PH/2ZybXD2PfydNjm+6abS4R4/qWNppQ6eOKN6eWYvHxYeXuCkODQer6Hkccs4v+lrU8o9P0hJzm29qv42/58GqfkkvczWortn2Py9TodVD60P8APxtSW2XF9x3W8rhtDTezzuqeaU2o5cTf/Tjhb/g72Zh42VduRq065qrJCbhK46aUcmWMrbm9U+ThPO25Hkbr2SRZTuL1+57nEOSDmWaVx1f2nf6XrPoY0pO8knbPKOfplCWVPJPtXxf+xqsyPpcOZ5ZLtjSX5nZPP6XNie31J1wla/Y9BPuSdNez0PVWfjmcHHln2x03OX4OHPOeONxjfwWR0M3UShbqUWuY6nT6ieHLDXtUvMdP2OXN1maMq7P/AOqJ0M+eU39+KKfk89rNOtNVLQyHuDk0G4pc6mUivTaQGQAB9F6DjlHp5Se0na/g9Y6npMO307Fe7R3Nj2Uj/lzlr/DZZ9LkzLHP6MdJTUdInw+RduSUVw6P1H0v8QZOg9D630x9PjzYuqT1l/pZ+YdS76nK/M2cuXWquI+n9Gz/AFegjFu5Y9KPmDuen9RLBn0ekkkc6W6ysvpemzLLiu9m0yZerw4p9s5U0eN0/VKEeqipOHc+6K2/5udePWZPpTWRpqbd+eP9jtPL8Zx3Pqw6n1JKcu6MNVWla+57GLLDNDuxys+X6XulmbUmpNaVuz6Xpl2ya7u9pVb3/McdtJc4ryNynZFaj2Jp6vczRMkvpwlJ8KywffCMlyrAgr2OXJiyYmvqY5Qcla7lWhitvIGeKJRoUBFG5Uty6wn7rhhbqtw23v8AqBJvuk3tZk0K0AwGjXJGtPcCVpoibmtkybNgS9H48Eur9yjQDL3FFofwBNhvRa0onIGa8gorwBBwC3XuBmtxRapDcDLBWgQZvT4Iarwh2vX2AyOdCigJT/Mm7NLkgGTcZdsJRaVPlmSxaUtVaAmz+CPUVbdCtCCV5BRq4pAZ4HBa+CPTfcCcew9i14IBKpI13NKickogLfUmyLQCsjjU09yVYEWjI+SkoBwT/mpdEOdQIBWoAeSVoWrAD5J8FfBCCG6xvC3f+ZZgnuQTcLSigCSbbt7vkbFoeQI1t7kKCCOu33vUmxoUBmtAa7XSbWj5JwBFFtpJW/CFV+XByYcssGaOWFXF3rqZyS78jm93wgMVoOBuKAgrYCgqukvfyY50NUS6ZBkfJXuSqYEYsD3A9PmxwC8FQLsgCh+ZaFFADkqWqvY1JR7n27BGa8cgvA5AVQBXFqN8MCSVx0de6PO6vFGv8yUteZM9KUbjSbXujqZsOOH3ZH2w8J3KX5ktGq8WauVQha5o4ZRddy28nqPH9ep5I/S6eP8ATjjvI6mR5OonCUcajjT7YQRwmGnUcWt0Q3NtttvdmDKl0c2PqMkGqlfs1ZwgsD1cfqkVD/MxqUkqTR0+rzxyuMccWoxXPJ1gWbTJgErYNY//AHYV5Rkemug+p6WssU/qRVr3R5Wz1Pq+mrFghjly3XueT6j0Djmc8S+1vY62p8SJeUe16b6nCGOOHParRSPHnjlB1JNGTETNR9nvVbex5/X9POcJ5Grm/tgjqej9e4SXT5X9r/pb4Pa0nFNaq9zvExeGfHynVYH0+V45/wBS3OA9L1fHN9TPLNVGVKPvoeaee0ZLYel6K0+rljlX3xen/PzPNNQnKE1KLprkROSPrfoxyU8iuT3Ov1OKfY4w7YLhLknpvXLqMahKSc0tb0O/S3/c9PyYY8eC/TsuT78klCK/1T/sjqy6a2/pqTgtFKqtnvZunnkleSXd/wBMFsjg6jH29mFf15PtXt5ZiaLr5xrnhaEO51mPsnl7I1DvpHTOMxjTUFckju4o48cXOWT6c47LezoI3kyPI05cIROD3fTuvx5p9k4ru4lWrPXTtI+T9LV+pYL27rPraPTxzsMShxdRJQwtufb7s5q3s4eohGWL7tTc+I+e6nInPu/xH1F/+LOpN47TUm38Ud/q+mpd0tvc62PocuROXb2wW8paL/ueWYnW3Tbt2DU0ozaWy8kirkkYVqF3do5o4pyTdX8amY4Wt6ry1/J2MfTTTTqcUvGtmoiZR0pRcZOL3Rk7fWYlGp/Ucm9GpJ2dUkxkq+u9Lkp+m4Kf+mjt1oeH+Hup0n08t/6o/wBz3OD10nYc59dX1LN/h+hyTW9Uj5Dk9X13q/rdR9CL+zG9fdnlHDktstwhq126bkW5ZJxbRyVZScnbJdqvBkEHJCTTaTru5PR6Xq3ih2LJLsf+lLVnmJ8PY5YZJQrsVVzsarOD6nBnjLtio9iaVJ/7HYs+Y6fq5Y8+JvaPCPRh1ObPFzwySr72n7HprybDGOx1vVR7MkcWRd0Vrf8AYvpeXJl6fHJtVFbHidd1EsmVwUk1Ku5rlntel4sb6XG45ZWuL2/IlbdrGPd9R9Tz+oY+nhnUf8iNRaVHQrT+5trXT9WZo7Ilaaii/I4Am5KZr4AGWiUaZHtQErUlGifHADttNonJda0IBkGju5un6Nek4s2LO31LlU8bA88taezBOQJWvsNi17CgMmoT7JWlbGy9jPuAerdENXSo1LDkjCM5R+2WzA46BSUBPN7j+4q/gV5AN6KyW3aK9tNiLRPwBOCcF1DIISjV+CfAE3Faj+QBOQxuKAn8AvgcEGQXUsaTV7eAMewor1emxP5AlAvIq/hAZ2YLRCCDQta7CgJvp4DVboFu99wpcU4utt7JNqU24qk+CVY3AzsX3LXkNVsBEhyAwI9SFq9CVZAdNIha2shBClS19yPcCA1VigMg1VCvIGRRWvBCDTm3jUfBxmiwajNOStLgDA3ZqTTm62bMgHFqNvZ8kNW2kv2MgWEVKaUnSCjFzpul5MvVgCck4KONiKnPsZ+TRPgCEZrkgHp1XwWqJRorKFQ+DX6lVC8Jha7jWggUKi1oAr2Cjew+TUnbTiUZ5Lx7FJ8AGjheGHe8mTjhnOYzJ9jqSg902QdPrsiyL6WPV/6q1/I6nVV03TVC+6S7bcWqXscnUdR9KbxtdvjtdtvycH083WqU5uUccGlUmznZp08OCeaUEtFJtJsk8GSGX6TX3eD3OhxJQxpW1jyTi/8AudmXS431Mctfcv8An9yRx7Br5mWCax99aJ0/Y45Rkkm1vsfWQwQg5Kk4y8nWXQY2pPtThL/Qx/Wa+bB6nVelSw6wfdDz4Op1HR5cEFOUbg+TE1mGtdYqdNMgMj6rM45uhi0ncoqUa4OlDrVmwyw5H25bq2v3OP0nOsnTS6aUu2cXcJPg6fqPeuoubbl/1eTtNvms47XXZ8PU9L3OPbNfz/xnkGnJuKXBk5TOtHue36b17yY49LL7ZbKXhHiFTp2txW2SPpuvw48/T+y2/seP1nRxwYu5N9ypNP3v/Y5um676nZHK9YvT/f58HefTPrYpv7MWiS8nWcsz4+caaeoPU9X6RYVjnF8drR5ZymMaahOUJKUW01yj63oOoXU9JCf+pLU+QPoPQMsJYHjSalF26d2dOOfrNnr0Y+hF53lf9VUn4OSvYbK+D0MvF9YwrH0bf/VI8E+i9cTl0Xe1S7lS8nzp5uT1uPAAHNXJ08/p9Rjm9lJPQ+149j4Y+k9P9UwLooR6jJ2zj9r5tHbitjNoetWplxUlUtjV2k1zqWj0MuL6ONX9iTPL9UyOGKX05NKOjl7+Eey1oeH6rjnlcccI1HV/kjF/CHgMsXUk/DIweR0fT/4KPVY4ZsbUctautJG+ni8dY5r6Xsv6Tj9A6n6vSvDJ/dienuj1HFPdWeusRMaw6fWdGs/Szg4pSq1Xk+VzYp4csseRVKLpn28I9qpbeDxvXOgc4vqMUbktJJc+5nkpsaRLwcOSeHLHJB1KLtM9rJ66pdK1HG1mem+nyeCDhFpr43iyblK3uxuyHJh1yJWteWrM+jD2IbyLtm9n7owAYBYrudIC7rSOw/UVTqWguno7AN7a6m45skcUscW1GT19ziFFHa6PH3ZO/uinDWpaL8z6TpVDM45oQlCbX3NxpM+VwuSmvt7lez2Pd6TrM2RxjKaguIQjR145iGZezQ3b9nqefi9QxrNLHPJdXTf8HK81Q6uSauK7l+h6O0Mu3wEcWbL2QUU/vnoiYMylJxX9N1H3oujmJRW0pVy+CvWqKMjgr2AGSVqarQvbcO7gDBKNV52Fb0BgP3LxQegGSG9mRvV/wQZH+xeKIBKDX/guxNwJVGpZJyxqDk3GOyJRKAlErxubr9SAZqtw3f5FerJ/AEqi19qY7dP7h6PTVARrXQLRor1M8gGqbIX2DRBK0/lE0KQB+RYuv+5P4RAFakKxQGQy/PBKIBC7oAShwKIASTt8kqqL/wA1JVgShwXzYIIPgtW1W53PScHS9R6nhw9fleLBJ1KadUB0eUSvY7XqODF0/X5sXT5FlxQk1GW9o69BUqkNti0AMvQnJXVkq2AT7aaJuy8lryQZFalqygZ503Hya4JRA2JzqXkAR7uiFJsBByDeJQlmisjag3qyDj5FHN1MMcM844Zd0E9GcPAEALswMkNEAg3HyAIT5KKAyQu5CKck5KR7AepX6lrSgXdGmRF2FF4Ahpe/JKuygNRuWigSjeOHfNRXL3ZngsW4yTW5RrJjliySxzVSi6a3M7fBZNyk3J2/clewDjTfwdfL0/1lWaTaX+mOiOyK9iDoQ6TFj6qCjjS7aak+f+aG4Ydc8arubvm/B3O1PdbFpJ3Wr5HVXB08OxuUY/bk1a2pnPxsXbYUVCir9iUaKJVrXng454McsU8bj9st0dnF088uPLOFVjVtM46HyR8j1vTS6XqHje2690dc+p9T6NdV07cY3kj/AEny8ouLqSafuea9cluJ0jJxdp0/JqU5SSUpNpbGEDCgAAAACp00z1F6rP6EY44tZFpf+lfkeUaxtKacloWJmB6+D6nXY2nFznzKbqK/3PMz4J4GlkVXsen02bF9VdR3U0u3tUqs63qfULqJLR/byzdszUeeen6Dmjj63tnKlNUr8nmGoScJxlHRp2mZrOTqvuKHPyeLg9ehS+vjafmJxdZ65KcJQ6eDhenc3r+R6P7KsY4PXOpWbrHCF1j0fhs8srbbt6tkPNM7Oth28nSSXp8OpX9LdM5ej9NyZsayPSMotxZ6PqGBdN6G8UnqpqjUV+amvnirdckN4sby5oY1vOSRhX22GayYITjtJaI3RMcFixQxx2iqLye2PHMo454ozUm/6pRqzlFWhI+Emu2cl4Zk7PXYnh6qcWvf9TrHjn5Lo5+k6nJ0vURy43quPJ9f0fVYurwKeOWvKvVHxJyYc+TBk78M3CXlG6X6pMa+6I1v49zrem55dT0cMkn3N/6kqR2z1Rkww+V9Y9OfS5Pq49ccv2Z5R9b65khD06anq56RR8keXkiIluA1F0ttzJzVD6VqP/8AJs5q4WAAHBqHbf33VcESt6I1GEptKC7n4QBzbh2t6GGWVptMgBJvY5Ixe1tNme11daHJjqUoqb0vxZRyRxJSTTrz3Lb8znjnSxf+12yv7ZqWzEu7DBqX+Zi/0zjwdedOHetk9jXiGXNJ9T9RSalz8nK+skllSbayQjFt+x1Mk+929+X5MGdlXfzdbknk71L7qpe3/NDt+ldU4d3a+/JL7YxfC8njXsdzo8uPEk3Jxk3rKrpeyNVtOpj6jC6m4t9+T/W1svY5/B43p2bNmi6rFhWrm9WethnCcFLG7j5PXWdhzlqiG3rsStDQyE6W2pSVpoBH/JNtC1qAM/Ia/RFaH8ASr+TNamuPgnyFTklFrUteAM7kKSq2An8F19irTcsOxS+5aEHHyx8Gnu6JS4AnJDRZNN2gMN18ENEa3AyPg04uL1M1qA2H8lcaSfASt/BBmqJyWh8gTb4JyaJWgEoN2l7LcchrwBONRuy8Mla6AR6b7+BpXuV7kIM6lrctbutFyTYCENcEAhK/Qo/gCbDkuwSIIDVGWUDNFZK8kEBqvBaCsUWqNpEogzXyGaIwib7ErQtMEVPcnJqqWvJmgIycmhWwE+CF2JQE3Ba3IQSibGicgQDku9cWBkm7NU7NZoLHJdsu5VuBx/BCkYEIbpdt3r4MsgmzRzdVmx5silix/TSWqRwk4YV6vCC1C/cppkNUStDVAQ1tyZ4LRQW6OTLJTldU64M0PYAWtiFq9wJ/JeQUBQoAo1DHKbajq/BDUW4v7XqQCJGttybl+WAQoUXnQCxlKF9raT3JuBX5ANDxPWOkWTM54f61G5L+PzPQ9U6p9L0ndD+uTqL3o+Zn1OaeWWRzfdJ6tHLktHixDippk5OZyWSLVRi1xW5xNU9Ti2gAZAAAAAAE62NOTe5kIC2LIGQADWOEsk1GKtsoyd7oukWSMs2aahijpb8ne6L0aUv8zI9OFRy+uLH0vp+PpsUa7pX+h0imRsprjy+tQxQji6TF9sdE5f7F9a6j63pnTS2eR91Xt/yzwTmy5nkxYof/AOuLX72O85hjhO96ND6nqmFVdO/0R0T2fw1C+unOtIw3M0+2JfSivJXqwexhPYcF5FAeb6p0Uc+GUu37opv9j5nN02TFbaddzifcNaOzrZ+lx5IdrWjaOd+PViXxTTi6aoh9X1PpUZycoxT9vKPm+q6efT5XGUWlbpvlXRwtSatROvS9D9Zn6bjzdPOPf0+dLuX/AEtco+ilnxR6f68skVjatSPhDby5HjWNzl2LZXoaryTWMJh3PVet/wAb1XdC/px0in/J0ADnM6oi3a+CcDkgBA5unh9SbVXUW/2AxBuOROO68HPmzd7U4r6cqpuOlm5dJkWDFlitJI5uthhy9PHqIdyytf5kO3Re5rJR5gAMq9TD0ksnpjmtZQyX+TI+kyQxfVirxpp348P4PX9C7cnp0o+XqdiSjgc8ffGMWrScb+dP+bnoikTGs6+byxni7pdn05PiPB05ScpNvfk9nr5uaUcEsuRLSvpNJHkTg4t2mmt70OVoxYcYAMKF5IbhNRT+yMm+XwB6vpuJSlF9R9SUXtBLQ+kxtOKUdK4Wp8t0cotxcuqx42v/APm2z6DpcmKWkMk8r800j1cUsS7VE+TW+5KvjQ7snbcbXJKpGlJqNeDO7AyKNE/gCV/2M/7GifIErQhydq7LT18GKIJROC1oK9gJuiFr2LswMyVb8mTbJXkDPBKN8ak5ZFZoUXkV9tgZ5BpxpWZryAbbSvgce/kaka10AfwZ+TROAJXI51Lx7EAjVaocF3J8kEoVqXknIEIaq9xXsBkeR5FaEBSai1wzJrwQCUQ1VkrQCMV4LWgAmul8F0LRNEwIzP8ABWtdCpEkZW5VE2oirAzRaNV4IBnkjNexOAM0DVGaIBKtpF/kfG5BGqevGhk03bM8hTkhXuK0Az5HHyXcjAgHAAn6kNUQgm243oUAGxn52LuJKnp+oEJWhqtdTIEJ8lIQQFJVAesOAK2o0i1+hasiWpoCUaJXsWv/ACAKK0FFCvJRRaAlCioJAKpFW4HK8FCrRR8foVafmA+CxVvUaUvI5AnkcFFa7AK/bwC8j5A8f1+LnhVPTHv+f/g+ePqPV8X/AOn5nzKa/wBj5mcXCbjLRo8/JH1uGU62OWMO+La1aVs4iqTi7To5qgAA3GD7e6tCTg4TcWtUz6X0bBiy+lwcopu3ba9zr9f6d35Ps0nL7flr/s/2OnT5qa8AHfXRTniprtyJ1T/5/wA1ODN0mbEm5x0W7M5K664AMgAAO56d0b6zqO3XtWrPpOk9Mw9NllOKttUr4Ov+HMKj0DyVrOX/AD+57CVnp46RmsTLKVbbHkfiLpnk6SOZf1Y3r8M9njYzlxRy45Y5f0yVUbtGxift8CD1PWPTZdFlWSMH9Cf9DZ5fJ5JjHQPp/wANY+3o8k3vKVfofMH2no7i/SsHa9o0/Y6cUf8ASS7jWpa/MEo9LAWh4LKLVXsyibkaur2NCqCJXk6fXdDDqunljaSlbcZeDtynBTUZTipPZN7miTET8XXwGXHLFlljmqlF0zB9V6x6fHLGOTHFd/cvzs+f9Q6f/DdU8f8AppOPwzyWp1biddUAGFAGahFzkox1bdICJW6Pd9L6CS6Z5Jq+6La/SS/scWL0mSh02S/unK6rQ+j6OK/weOl//j7Wd+On36zMup0vTNenvC1bxv7L/VHS6/B9PEm39LHk0mmuUe+o/oceTHDIl3RTa1VnaafGdfBT/rdaq9zJ6HXdH9Dp1mk9Z5Gkn41PPPHMY6PU9C619N1ixylWLI6a9/J9ZJL+rlHxHQ4vq9XCFNp70fc4cf2wg3sqtnp4Z+MWeP6ln62EHKMl0+Hzu2fNZpPJPvlKUm+ZH2nXdHjyzf15d0I8LQ8Tq1i6eMn03T3JL+uvth/uzPJWSJeCDfbKVy1flmDzthuEHN0mk/fkwaTpNMD1PTsWX7u3BLI479s0j1emyTUtehyp/wDylZ5fQ4J/TWVSydn/AFYnfb8o9zpX1Dx3HLDNH9z08cMS7cH3RTcavhijS1XgaLc9DLPFENbk4AlakrRloBGa8kZqiV44CoStWb42MsDPGg+C0KAzsKstCrIMtUbm8bxx7V963ZnjTYnwUStRViqLyQZonJXuxWjAlENf6aJwQQV5Gz+PJqcu6V7fAVx/mGWg0BOPYlF3HIEryLuvYUK8AZr/AMCkVqnqGvJBkt/bQ+TeWMYzXZK4+QOOv1J7FoASvJK9i7bggzuacrgo+CVqGtXQEotfqEvJtpdl3r4A42iGqtqzSiBhLya7dDaiK/IgxQo1WoaAy9vfwZpnIq5M1QGSfBp2yVb1AhlmnuTbcgyw/f8AUvJkAQ15Itnz7kGQOP7jgKnuTcvyQATgtexPjcCcgv8AzQgAlWmDcISyJ9iut+AME8jkpBODJu/tomyAwCkAUZNEIPVS1ehqicGkjSAKtSgSi1wOPBQFFGxf4KJWpa0fsB7ABViilChX7F2LX/GBAWgvcB+pUlyKAAoHwA3H8FLwB1fUMbn0bilbbWn5nzvrOH6XXNpUpK/3o+rryeV670bzYI5If1Qbv4MXrsLD5kGpQlCTUlTRk8zYAAPo/wANZe7BlxN6xl3L8z154Yzu1q/B4P4ayJdRlxtayjf6H0dfserj+1Yl15dPGbuS1ap1yZydHjngljkk7VanaFGsR8Hlg8eWcHvF0zB6nr2HFh65LEquNte55Z5JjJdIDn6TBLqM3bFbJt/kcB9b6D02PH6fDKknLJbb8GqV7Skzju9HgXT9PHEtonPXktaf7FeqPXEZGMMgtFqwPM/EE1/9IlCb2a7V7nx59n63Du9Jz+yT/c+MPNy+tV8D7L0P/wDtOH8z40+i9G9U6fpvTvp551KEn2qt0xxzkrL6Nyi8aj26rkxWxnDkjmwxyQf2yVo3Xk9PrmhXdLwhyChSrU4uqlKHSZpw/qjBtX8HNRmcFkhKD2kqYnwfBZs+XNk78uSUpeWz3/QfU5T/APtc7cpf6Hv+R4/qXSy6Tq5waai3cfg6uOcseSM4OpRdpnki01l09h99NQcG5f0rXU+J9Q6j/E9bkyrSDdRXstj0up9eef0+WL6bjmkqck9Dwy8l+3iVjAA3DHOf9MW+NDk0weh6L076j1LGqtQfc/hG+g9Mn1DXcmlLS/HJ9B6T0MOljN196qLf7/8APg60pMyzMu3HD/l44vaCOWEVCNLY32Orr9NSV5PX4wnsPkVoxsB4H4nio9Lhimv6tqPmj6f8VRk+nwv/AEqTPmDx8v5OlfHq/h1NeqRktlF2fYVp8nyn4Xf/AOpSi2vug9z6yuODvxfixb1xZIKS1Sb9zzeq6F54yWXJ2Y487IvqPrfT9K3DF/nZE6aWiX5ni5vXeqyyX2wjH/poWvQiJcPqMowjDp8MXHFG3b3k/LPPObqc8s+VzkqvhbI4TyzOy6ByYlKWRKOreiRx8npdF0b6npZuD/zI/fGt35/sIjZHPDB1Pp0o5sErbVuPEl/z8z3eh6rB1SUoxUM3MXuToWs+GsyXfH+uO9+/wzcvT+nbtJp8Nbo9dKzHjnMuz8kreixVQSdt+WG9TqjPANbsmuoRklGtycAStybbF3FUBklam6FUwMcko1QAyctYf8Jev1Uzj5GtAZryTTUoqmFZ+S+aKZrTUCVsKZSED54JzoUm4E2J5NJW6RZxcJ9r39iDDJRqtaFeQMk/g00QCbCrpLd7FrXYK09P1Ck4ThJqaqXhmWjU5ynK5u35J4Azs2T5NNU6JRBncUU1JR7I1/VyBhqt+SbMu+/A8gT/AJQS1LWpfgCbMtd1expRto5FCiDChqWqRyVoSiDDVEfFG2jDAjI2V+xkAZeu5TL1AbX7kFCvIGRej8l5I/YDPAAIILpMMPUCa18E+BfuCCfIen5lrXYlfyFOCa2WiKrV7ATkLVle+mxPgCPRljOUL7XSehKIQO1u2lsQ0pNRa4fBngCeRu9SvkVvoBl6PQcFIBCMu5GQeui7kRr5NIcmtyItADV6LTbwTdAC/mN0OdS8gKBfIr9AHyNmXncV4KFCqHJSiUaVcivYq9+QJWugq9gioB/IoqSafsPkDUIPJkUI7y0SYnCWPI4TVSjo7JFuLTjuuTU5yyZHOere9gZ5I4qSprQ0K1A83rfTMeV90FVRdnzXUdNkwZJxmq7Zdp9xVp+51eo6HF1Hf3LWSSbMW498WJfFA9vrPQ548d4Puab/ADXH/PY8acJY5uM1UlwcJrMetbrl6LqZ9L1UM0P9L1XlH2nT58fU4I5cTuMj4Q9j8PdW8XWfQlL/AC8ule/Bvjtk4TD6kjaim3stbZpI8r8QdS+n6DshpLK+3Twd5nI1jNl4XrWfF1HqEp4X3RUUr8s88A8kzroH0n4a6ruxy6WT+5fdG/HK/U+bO36Z1K6Tr8WaX9KdS+C0nJSX29bF93oSDU4KUXcZbNGtz2MFErRUXgUEdfr493p/UJ6Xjl/B8GfoHVx7+jzx5cJK/wAj8/PPzet18CrdXoQHFp970WGGDo8WPG7io6M59Tg9Pk5enYJPd40dg90eOSfyXcVaQKJ7lrUvyOQPN9b6N9X0ajFJTjK0z4vk/RpRtP4Pz/qsbw9Vlxy3jJpnn5o/bdXCADg0H2PpHR416dijkjcpLud8ny3Q4ln67DiatTmk/iz76MVCMYrZHfhrv1mzEMUMcVGCpLai449qle7bZvffYcnpxhqGScLp6GbewLVUBm9/BKNV+h0+u9R6foY/5s7nuoLdkmYj0eV+KsiWLDjvXuuj5k7XX9Zk63qZZcn/APGPhHVPHee1tdIc3TdRPpsyy4qU1s2js9R6r1vUw7MmZ9r4iqs6AM7MfFAWKcmkk22elg9G6vNjcnHsfEXuyxEz4PMCO11PRZenyuEldcnJ0fRZMnW4cc4NKVSfwOsprfp/p0+oy4++4xnKr/Kz3+m6P6GNZscfvTuSX6M73S9Munwxgkri9Gc+LFb7U0rfJ6qceMTLrPDUo5ML1T28rwc6rkso9rcfHgHWEZJ/c1sTnYIj9yGiewErXQhQBmtUC7j4AyStNTQ4AyT+Cj+AJ/JOXRaFAZHyWhryBlk8GqJz8EE3ZKRqtCcgTgn9jVEoKlUR29zXHuVQl2OaWiA4/gbstBEGeCVqblq3S0M/wAa5IXYgCtdeSPT8uQW7AjWl/kT4KTgioT4KAJuxRaNwhbAij4Nxx6nPDEcix0QcMcdGmjkkccnTAw9zD0NN+DDZAUqujD3F6mbtgCf2K9GZerQE5Jfkt1Zl8gNg3e4ZAJ8j5LtuR72uQJv+YkvAJX5EE/MMNbEAE/gu6IQLJyWt+SV+4DchXo2mKCp7Evf3FD4AJeTJogCyAvBBknijXkm1gTbYhdycgSiMteCewHslr9CIt0EVbCi7lKIi1uVACrVgvgASi0CpalE0H7F8FAhWtNB4LRQ3BQBONR/yjRX7AZ4FaF8FrXQCF40DVWX/AJQChV2KLRQFDwaAjifO/iPpJLLHqYJdvbUq+f8AufRtW9Ti6jBDqME8U9pKjNq9oI9fBGoScJqUXUk7RvqMUsHUTxTVSi6OI8vjo+66DqV1fRY8yq2tUuGeP+Kn9vTL/wDL+xx/hnq3DPLpZbZNY/P/AIOT8VJf/bPn7v7HebbRjPr50A73pGBdR6jjxyScdW0/g4RGy26IPS9b6T/Ddc+1f5ctUeaJjB7noXqk8eaHTZ53ilpFv/SfU8+5+dH1vofqkepxLp80qzQVJv8A1I7cd/1LFoexRRWgq7s7sut6hlWH0/Pkb0UH+p8EfUfijqVHp4dNF/dN90l7f8/g+XPNyzst18Dn6PF9fq8WLicqfwcBzdNnydN1Ec2Ku+O1nOPWn32OKhjjBKklVeDVHidH+IunyJR6mLxT8rVM9jBmx58Sy4Zd0JbPU9kWifHOW6RaRWtSVrqaQrwOdtS8/wCwCJR5vWekYeozZstfdkjS9menRx55rHgyTbpRi3ZJiJj6sPzyS7ZNPdEDdttg8Lq9T8P4Fm9Tg5XUPu35PtD5L8O9T0/SPNk6jLGF0kmnqejn/EvSwVYMU8j4b+1Hp47RWv1i0TL2+CTnDHBzySUYrmTo+T6j8R9XktYowxJ7UrZ5efqc/UO8+WeR/wDydlnmj9JFX1PV/iHpMP24LzS9tEdLH+J8nd/ndPFx/wDi9T50HKeWzfWHu9f+Is2a4dLH6UP+p/1M8SUpTk5SbbfLMgxNpt6ZgDt9L0OXqIuaVQXPk+h9I9FxQ6f6nU41Kcnai+EWtJsTMPmsfS5px7lBqL5ZyYOg6jPKseN1V3WlH2sujxOFKOqVHNHHGMVGMUorhHaOFns8f0X0mHTxWfKlLI/6b4PYjHtT82WMVGKUdkNt/wBTtWsVhl1Op6DHnmpTOTH08ISlNRXdLk7D21J7FyDWRsjVWTWmVE+Sbmqon9wI1qR8mmtTPAAlamqM14AhOTVfqTj/AGAmyHlgVSAzW44NPclAZ+A0a5VEvX2ARinduqM0/wAjTXOxngCc67CS+7Tb3LyRLR+QJ+RK1LQap+4EJRaJyA3slaF1H8EGfJrvkouKf270TnYbhWa0JRrjwQgm6ZDbVNWZ/JgTclaFrwR+4BonBdhQD/Ttr5MlrWxQGaTuxX7lrSzlwYZZZJJaBUxY3Nqju4un01R3en6KoarVmsiUNNqM6Or2KPycU3Vm8mTV0deU7e5AlJHFKVCUjjbKEn5M35LJ29TPAEe5nllMgUnyG/cJEGScle5AJ7gtVr4I6AgAYEJ58lJWgEArQMgnIetFJxsA1X57mfgoII3b1LJVGLT3IQKAMgD3A5AEIXcVTIITcvJAJQ+S+xAIRlIB7PBpbEqy0EWhRRQCijgtFAexaRdgIKLVABWoLQAFrahsymgryIxcnUVb8CjUJOE1KOjQGSlu3b5FeQJWpUmK3HAFb8kNCgIi8aity15AmxoCigNlryUAfM/iLouyUM2OLej+pL8/+54J+hZsUc2GWOStTVO9T4br+kn0fVywz1rZ+Uefkrn1qsuLBllgzwyw/qg7R6vr/Uw6rH0eSGilBtrw/H6o8YrbaSb0WxiJ+Y0h6v4cV+rQa4i2eUe9+FI31maXKx1+4p+SS9/1DpMfXdIsM1TUk+5cHxHVdNk6XqJYsqqS/c/QKPK9a9M/xqU4f+4lSO/JTfrMS+ONY8ksWRTg3GUXaa4LkhLHNwmmmt0zB5m31/pfrmLqYwxdQ/p59r4kel1XVYukwvJmmopfufnxyZMuTIksmSUlHa3dHaOWcZ6t9Z1M+r6qefJ/VJ/ocAByaAe1+HvT11eaWbKk8WPSnyzreqem5Oh6h/a/oyl9ki9ZzU15x6fo/qE+k63F35H9F/bJN2kvJ5j3BInFfpO6VbCj538L9dPI8nS5pylp3Qt7f80Poz2Vt2jXKYxk19vYqevgUEtDSJ/B4H4m6/6eJdJidSnrP4PZ67qsfRdLPNke2y8s+C6nPPqeonmyO5Tds5ctsjGqx+3CADyugAcmPFkyuscW68AcYO90PpnU9bNxxwqK3lLRI930j0TFHDLJ1UVObk0leiSN1pNkmcfN4ulz5knjxykm6VLdky9PlxScZwaadf7n38OnxY4qMMcVFO0lwcGT07BOM6jTlevydf6fjPZ8Ljw5Ms+3HByk+EfRdJ+HKUZ9TK9P6Ee50/Q4uluox7nzR2P9NJG68UR6k2df/CYo44QhFRjDSkc+y048cD4B2iIjxkFagtagTb4HgcACBqqrYtE+QIx8FrYVp8BEM8G5avQyFT8iclrQchE2I1RqtyMCckarktaB/wDLAzWo1KNlqFZa/YcF3sgEomxrT9SVQEIa412HPyBnQzRvZ6meQBLt6+DRmtvACjPk0SgJyK013LwTggnwQ1VsgEaM1ubMvkgj1GpaFBU/gz8mnsSgJXnYcFJzoBkvbpqDs9F0mXrOojiwxcm/BNwY6Tpp9RkUILc+l6X0+HTY05rXmz1ej9Jxem9L3ZK73uzy/UevVtReiMdt8VxdTmWN/bujzM+dybberOPNncm7OtOWu5cFnO2zjkyNknaaUtCiPkwytkvUCNi6TBGtfYCFk00q3J/cgAlhgCfGhCkIH/KIy1+xAFaeCaefzKQCzioxi4vcz8la0XuQCf2IyivAEJsXgEEJxZeBpT8gSqWvIaaQfsT+xFQFa0XJNABC0TjTcBuZo1TIQZ2DLuOGBmyP2NUQDIKStAPbo1zsZo0tCIVqaREVKigtTVCtS15Ai0em/k3CEp3261qZRqEnB2nT9gJVcj5FeC1sUCGhWoEFUaoUUSi8iigQtGopyaS1b4JVX5AV+4ouy9hVtfoUStC15LXkcAQoS2FcAWh/cGq8BEFFqhWoA8r17oH1XSfUxxTy49flHq0arRkmNgfm7VOgfQer+jz+v1GbAvtrvUVx5PnzyzGS6wHr/h7rsXSdVKOa0sqUe7weQBE5Oj9I2eoq7PK/D3XT6zo3DNJSyYmlfLXB69fueuJ2Ncp+PD9b9KXUwyZ8cf8ANjFUvNXofI0fpNbnh+t+m9Nj6HLmhiSmuV5OV6fuGol8kADg2GoxcpKMVbbpGTvej4JdR6nhglopdz+FqWI2R9f6P0sem9OxRUe2TSc78nZzYIZsajkj3RTujlj9r/sVrwj2REZjk+D9Y6KXRddOPa1jk7g/Y89n2n4g6L/F9LFrSWO2vfQ+LPNevWXSJ1y9Nml0/UQywbTi7s/RMeSOXFHJB3GatM/Nj7T8MZnm9K7ZO/pycV7I3xTk4lnr143M58kOnwPNll2wju2bbUY23p5PjfX/AFZ9bNYMDf8Ah4P/APqfk62t1hiI11vWfUpeodTatYo/0RPOAPJM66hzdLgn1PUQw403KTOPHCWSahBXJukkfYegelLpcf18uuWS28GqV7Skzjj6X8P4YZf8ySyKNXpVnqZOlhHp5xxYo29tFudulWi18hP7WuD1RWIc9cWHFHDijjilUV8G0q22XgrqtBpZuPiBCjkCbjZlAE+RWgrQb7blEBdyAEm3S3JVPU0m41/JHvruwicewLshQBNpVwZ5LXyAI1ppqSvJf4H7gSiPfQ1ROAM1Q3LWrFfuBn5JXBqtdA9gMh6r38mqtGedAJQLXsPyCsVoXkbCqAyVPXQrX7kvUDL1fuxVGicagZ9v3DRpNXrsZrVgT/cnBfcUBK0JWjNbma8EBVqmZ5N1aJvQGeRVvQtD3Az/AMoblJWhFRu41+5PzNXpXBKAy1qhX6eSlvSmBvpOmzdX1OPp+ng55MjqMUfqXpnoPT/hv0tZus7f8RJas/MvTuuz+ndfh6zpmlkxS7latHq+vfirr/W8sZZ+3HCKpQhdfucrxNpwh3vW/Wn1GWSxv7Uz53Llcpa8nWlkct2Z7mzUViFbcrZlslmb9zWBf6llJvczuxdgRk2RbFEGWS+DTRPyAlagE5Ar1qjOxdCV4Ago0l3SSXJl70QTyKLe5kAQrO1g6P63Q5uo+rGP0mvtfIR1N/ghRQVOCcl0t2TkCfKIaepGQT4IUEE1FAbAQFerJQVGTYooCXqQpCCCi0R8ATjcBk5AjRC8gD3FwaoJeCkRK8lQouyAVoX35KWiifJrdIfkWtAM1tZa1LWheNAHY+3u4RK0s1xuSiiV+pqtWCgSvH8AVqWv9gEX2tNcFlJyk5Pd7kL5AFWj04BaKI3cm3+w3LQKHJaA5AfyWrQLWmgRFwKKluV6bARFrUFrQQJVrXk+H9Z6H/BdXJR/9ubbi/7H3KOh6x0Mer9PyQhC8q+6FeTF67CxL4QGpwlCbjJNNOmnwZPM6O96T1z6DrY5dXB6TS8H3vR58GZQyprJifg/NDuen+odR0GXvwy+1/1QezOlL9WZjX6BKu51twcWbDjzQcMsFOL4ep0PTfW+m66oS/ys3/S3v8HqVroeiJiYY+w/O+twvB1uXE49nbJ1HwjrntfijE4eq99aZIJr+DxTy2jJdID6D8IqP+Nzt/1fT0/VHz57X4WnGHqrTX9WNpa/BafkT4+yLuh+6FeD1ubjzYo5IOMtvY+D9V6f/Deo5saVR7rj8H6BR8z+LcEIww5U13yk01zt/wA/U5csbGrWfr5g9X0f1aXpv1IvH345q+3bU8oHnicdHo9f6t1XWzffkcMfEIukecAJnQAR63pHpGTrm5yTjjtaiImTXo/hf061LrM0f/jBP43PptF/sTFjjixxhBVFGz2Vr1jHKZ1OCfqa0JXsaQ04ROS15AE215G5RwUHCqvklU2UaOO2oRH+xK0LWg4AlE3s1WooozQ48lAE2JyWqL8gZJRpq9+CUBOBwWqK/wCQM8r2M7muNNg9wJX5snwaJwBkVoXQAZ9j1PVvSYdB03S58XVwzxzxtpbxZ5lBtutdF5JMTMxiwzW5DbM8lRngPU1XkgGa0JtubolewVmr5JwbolXfsBkjNADFah+eDTROCDNBrVG7+1UtVyZ3Ahn9zXAWgGeSVqX5GxBKM14N8E3YGSV4NbDcDBaAYVnkFIBBsUhAoyUAQcihpq3uBkc6lHJJVOSUXn2IAZBXkcgT3JW5oK1fuBnkj58l5BBn5LyK9iUAohScagCN66gAKM0ckY9ybv8Ap4ZitdQI0Q1WpCCfJCshBTNexyOH+Up93OxxgK9xQZANyjFY1JStvg46HwAqbB6JAcEEJ7GvgjVbgSiPUpNnrsBCce5Zb6EA96tNSlretgtKMotF2F2aSAiVlQ/IqKFFKK9gFAtCtAHPwBxtoWiiCiqi15AlDj4NV/xivIEqvn5HLLRSiUWqOT6n/wBv2ONu7TMVv5AgrU1Wg2RQS0IkWi+K4AnINPV7fkKsCcCvY0OABKstblr9SiclpfkXexQR8/6z6Piljy9RiVTacn8nycouEnGSpo/S5QU4tSVp8HgeteivNiWXpoJ5u59yWlrg43p+4aiXyQN5cc8WSUJpqUXTTMHFs22PS6b1vr+mjGEc3dCOymrPNBYmYHo+qepz9RWJ5McYTxpq4vc84ATOgeh6HkWL1nppPZyr9VX9zzzm6TJ9Hq8OT/ompfuI9H6QjVVuRa6muT2OTNHxf4o6tdR6h9KGscKq73Z9B+IPUv8AAdJ2Qf8AnZVUfb3PhW7d8nHkt+mqwgAODYbx45Zcihji5SeyR3Og9On1mHPki6WNaLyz3/w36SsX/wB3m1l/oX9zdazKTOL6b+HMUOnU+ruWWS1in/Se7hwwwYo48ce2EVRy7JlPVWsQ56y/YUUN2lZUT3FaFrxsOCjP/LHkpfcDLXjcFHkA0uCbstaDZFRNk7JRf4L/AHCs/wAk4NfkEtfkqM+bG5ucHCVP9UZAlEqzW24rzuBmiVX9jVEre+AJwOTVaEqgM/2Kk5SqO78Dgqfa009fIEyY5Y5uM1UlwzNG8k5ZJOU3cjNaBWeRRRWuoRHr8mTfmjIEr9CVZprQbgZrUVX5Gk6ZHdhWKHBqiUBmgaJ58AZJV7mmSiCNakovzoWtAMP33JXk18k/kBRnZGqJWxBGtSeTVEAzySjXuStQIR/ua4dkAhK9y0ArLXCIbad68GSCNaEo1x7kAj1WpDVFx4/qZIwum/IHGDl6nD9DPLG5KXb/AKkcRBKRODXwSt6Cs0KK1sQCDgVqLAnkhpkIJyQpAIHqXcV8AZJW5aLXgDJCgCX7k5+DRmiBXglFIBNQ9ykAexCk3IFk2eoAEA+B8kE3JRo1jwynjnNVUPOgVxEfuaJs9AMg0ZAnOhCkA+h5KqKPY5oJHNhhjkp98+1qNxZx8FKIWi1dFoBWpf7BLQpRN9/0LX6Fqy0Bn4Lx7lLQGa0FGqKUZqvgJaopaAlD5NUNrKFfb8eRyWmN0By9TkhmWNwh2NRqVcnEVNpNce5abTfgDPH+5pQlKLcYt1vQr3OTDlnhcnF/1KmUcVf+CutK+CjcCcobGq/UVoBOBWpoUUQFo1VgZ5FamqXgUB0uq9M6bqoZVkgrmv6lumfI+oei9R0uFZVG4q1L2rk+7ok4KUe2atMxasSRL8waZD9FfpXRtRX0YtK+LPG9b/D+DF0k+o6OElKCtwTtVyznNJhvXyYAOagQAH6V0M45ehwTi+5PGtfyN9Rmh03TzzZGlGCt/wCx5f4WyfU9EhHmEnF/z/c8f8T+qf4jN/hML/y8b+9r/Uz09srrnn15PqfWz6/rZZ56J6Rj4R1ADzzLoHZ9P6WXWdbiwRv73q/C5Oulbpbn2/4b9Kl0PTvNmS+rlS0/6UWte0pM473Q+nYeiwLFiX23b7t2zuRh2pKKpLgpd0j1R8c/Wf4FGvJKLqJ7Dk1W9/uSiiD5LXkVQEJ4NVuK0RRPklGq9hVgZryKotfkOdQiVaIa5FfmFZNJx7GmtfKGxKAj9ybmqvYm1lRBW5RQGaoUaJX7AZoFqi15KMNDdGiUQZ5BolAStSGvgVYGa01JVfmar8yUBK0IWtP4HOgVKJWpav8AINAZa4ZDbXglWBmvBK0NVroGBl6WZ+TXBKoghKNUR6gZoUXYVft8gTglFqrFfoBn+SVr8muSP3AySjd0mSiKzX6EKKAzVb6E22N8GQJ87h/wVrREoDNB6F4D9wM0ckfp/RlaufBj45IQR76k3LROAIBQCpVk5KAJuZNE+NCCbhrUr4JYEZKL8EAjHyaq1ZAJRAAJuQ0T4IIT42LWugAzyOKKTkggqykAg2RXqRgQaeBQAnDIaI+SDPKCbV06vxoPgMKgqwQCB7BhgQyzROSD6IqRaNVwcxK/QtFX8lSsCI1XgtaitV5KHyKsqXkoCi0XjUcgShRaLWjKjPJaLXgu7/3CpQrUteS17aFRmtRX6migT9xRqhQEpFVpOuR/Iql8lEryK8mq1LswM0WtTW7V7olaAT9rLuXnYtF0Zrb3FWaoJAShzp5NIUBNxVfkargUUSrFGqFKv9gM8iUVKLUlaelbm9aFAfAev+lP0/qu7Gn/AIef9L8ex5B+ndd0mPrellgzL7JO9OD899V6N9B1+TBdxi/tflHC1cbiXTABhXc6T1Hqek6fLhwT7YZVr7e6Om9QCgAbx45ZJdsfFkHtfhv03/FZpdRki3jxX2+8j7g870Tov8J0WLtVKeOLkv8A5c/89j06PTSMhzlnkpfgVsaRkGq0VrRkKJQNUSvIGfHktGvBCjPOvJaLW+gqtwiVbJwargj0KJQ51NbE3rwBKFDbUtAZonwaoNaFGRRrb4K41FO9+AjjoGq/UlfsFQV/xl+RXkIz/INV4FfogMUTnU3/AAZ+QqUKNJEryET4Mv3NVb9xWuoVlkqkaoeUBkV+xeWAM7PQs5uVWthWhNgJRDTRPkDPwStDfBKAyPkpAMtU9yfJvx4IQZJW1miVpYEonk1Vr3JWgEolaFon8gTYyb4JSCp/cyzVaE/ICfG5lm2vBmuCDO6FGmSvAGXwGtC7kAmpK8mjIVBRfNchogxxoQ3VGaAOnX7maNcEAnnQlFAEb48EotACU+eTNamt3qStSCEa3LwQCE2NMgE/klF4FaMCEKQgnwKt+5QBnaxVGn7GQIC+SfkQT4JRf4HAGRwUAZ+QB/IVCfAHOm4Gbtjf8ivfUlaEFi+2SbSa8MmSSlkbS7U+FoQj1r2A+lo0l5CWmxrc46qIqKkWhoVRUrKtXoWv1GoLT8xRqtdP3Fal0KBaLWqtDRKKWtdBRdGaL7Gq/QfA0QGqtloujNFqrLQr2GiVrsEtDVWKGjNclrVFotDRK0FcmqHb52LozWxa/VnIoJ4nNPVP+kzWoErkJGq8itAMpWWvJuLcWmt0R6tt7lRmtVf6Fe7o1REholFrQtF+AM0i17FryWijFF3LWpaAzWr/ALnzX4x6D6nSw6uEW5Y3Uq/6f/P8n1FeTp+sYXn9I6rFHeWN0S32Fj1+YAA4NgAALc+h9D9KnlisuSMu2afw1p/2PK9J7f8A6r0qyRU4PIk4vm2fpsMcYRShFRUVSS0N0hJnHHhx9mNRt6KjdeEarUtHdhihWpqhQE430JRqhQ0ZFVXk1WorUaMUWtTVEouiKLbVclnCUJ9s1T9yrcSbk7k7CMPZCtNf0NUGlf27FGasUa1v+wrxuBmhWhrdexOdAjJKN/BKKI1ZKs18CkBmibmq0FaMDPiwouS041NOOw1QGK/Ule5uiNUBnYNFrT3FalGeRXJqv+IlAZqtwaolWBODNV+Rv9iUwMVuP4NP4JXsBNyVqaolagT+TLVG6/QUBiv0IbrwSiDGgNe5KAzXklUjdWSgMVYo3RNkBitCV+hr+BX7AYJstDZmv18hUrwTZm68kqgMPQhsgGCUb/kzRBP4JXO5ogGSfJogVGtdDPBr5I9AIyamvgn8gZHD8l4JwQQyaAGeRVFonIE5CTbqKbsvBrHklin3R3Xkg4tiGpNttvfyyFE4LBRlOKk6T5I1vQaIE0lJqLtLkz8F+CNbATgnk0TYCENUZoATkpy4foqE/qp9zX20QcLdol6FonyBCFJQVBuUgAya4J/AE2IwGvAEZC7EIITgpAI9ScGpRr8zPAH1FXsaqmEjR5taQ0luEv1RUhoVqaoJGlt4LoUNgl+hoaFFFCtGNAtCvBVuNEqi1qaklf27EqxoUK9i0Wq/8F0ZrwWvBaL8l1GUtPcqRpIVQ1Wa0oVqvJqti1oNRmi1sXgtUXRimWtTdV/sPI0ZqyVRutEXkujNbFrUtblrb+40Yr+NjVCi1r7DRK/klfmciVkouozVjZGq2LXkaM0X/mhavYV4GiURxtV5N1sKsaPybrcbw9bnxNV2ZGv0Zwne9ZxfR9Y6vGrpZHVuzonOWwAEH0H4PwYeo9SyRzY+9wh3xf8A0tM+9qz87/CvU/4f1zFf9OT7Hr5/7n6OjpWchmWK3FUbrwKN6yxRDdLyK11GjFFo1VNitS6MCjdaDdDRih5N0SqAzVk5N1TXuSty6M0KRqhQ0ZobmqFF0ZolG60JWo0Z/IlG68bDbdajUYr9w1tRurJWhdGdvglG69yV4GjDHButv4JQ0Z5DRqvArljRhqiVrRut6JWrGjA/sbrUlafyNGKLRqtBWhdGK8EZvYjVkGKr5FfqaoDRkhqhQGCUcs3FqPaqrcxXkaMVoQ21+xKAOTcFGl8mK/8AJrySijIZqtCf3IMunVEo0R7jRlqyNeDVADGz1JV/9jVa6EoKnsR+xaFAZaJRolewGaslamv4RAIqt2Zrc1XsKAk4xTXa9zBurenBmqAlGWjT3AGSV7FBBklaGjNAQF+ABmjNfkba8bkAyyUaJQE4Ia48GQIR6mie4ErQja7VpsX8iV5IITgvsAJwTk1V7GXuAoy/Y0QCMFZAIQtaaE2Cj5JwWgqtWBlk+TUqt1sZIIyexozVgDJogE0M8mjPLIHgqxSljlNV2x4ZngnmtgPrK00KloU0ePW0oqX7lrU1Q0RGkvANJajRKKWtS1r7jRKLRotF0ZoqX/EWti0NErXUUarctDRmhVP3N9prGo9y79n4HYxxV+Ra38m2qdcCtC9hn50FG629yVQ7DPBapf2NdoovYShx4NVr8Ci6JVob0jVFqxoz4Bqgl4LozXgtalqijRmqFWbUSjUZobGkq+RVsaM1bFGqLXgaMFrU1WmorUuiUK/7Glv4FeRo/NPxZHt/EXUe9P8AY8Y+h/GyivXvtjT+lHu93qfPEUAAHe9GUn6x0nZusiavnXY/U0r+T8x/Dyi/XekUtvqLc/UklRYnElivOwo3RK0VmtRivYVT9zdaacBRLok5Ock3v7Eqt9/BpLx+4k7k293yNGKFW6ZuiNUXUZosm5JXui9vgNUNGK/UV5/c3RKtDRmtv7kaN0Sti6JX6Erybr2Ff8Y0Yp2+GStvc5K0RKGozQqjXbp4JXkujNbsla6m61div0Q0YolU/g3WpaGjjosqklS25NJKne5KGjHOqJVo5KFaMujjHbub/j3DWu2g0Yr/AMEaN0qfknb4GjFbslfubrUlaaDRmvP6ma0OStSUNGK0DRvky1+40YrXUjXjY3RKLozXkn8exutDNDRkVoaFDRjayVTNUBoxRDf/ADUlUmNGKBog0YoV7GibSGjLIck33Suv0MDRkfyViq/IDGyBa3IXRmiNGzPI0ZIaojIInV1uzJutDNagZr/yCvccAZrVk/k1WxNgM7ErXU0yAZFF+SAZryNy0QCGa8G+dDPIAzVGqJtYGaJVGqIAlqzPJeB+5FQzyaJ8BE22IUMKlGXvoaJW4HP1PTww48Uo5VN5I20uDr0NwBDJolfkBK0Iy0PcDJDXwZZAJZWicgQyaMgQnwa5M/ADYj3AA+v502LQRqrPBrqJFrQqXg1/A0Sv0NJaagqQ0KNVqVIqWo1cSrLWhUipeORoleSpaFqipDTEr9B27mq54NfwNTGKLXgteDSWo0Y7S1T9zValrYaMVZao1Wpe2y6Yx2iv2OSv3FDTGK8itTVFqxpjNVtyEjdCi6Yx20y0brX/AHFDTGK9i0aq0Wv2L2TGap+xKs5K/Mf81GmMV4LRqhXsNMZrQUjdCh2MZatCqNUKtl0StRRqvBa0HYfnP46r/wCuQ0r/ACV/LPm0fU/j5JerYKWrw6/qz5Y6R4gAAPX/AAtjll/EPSxjxJyf5I/UK/Q/Mvwlk+n+JOletSbjovKZ+oV/4JM4MVqKb3N1oKpE7DHaStdDdaWxWo7GMVYrybrYV5L2GaJV/wC5uh8jsMUKX6m6/wCMlfqOwxVLUduhutBVWXsjFfoKr5ZydvsSvOw7Djp6lqvg3VL/AGJWpdMY7RVf9jdEryOxjFUKrY3Q7b/5RexjjrX/AHLXg1RaHYxx1oSvJutEO0vZMYoVqbqiUOxjNauyVSN1TJW40xiiUbqqvyK4LqOOtdA1xyb/AIFDRx0GqNity6OOiNG6JQ0YrwSjkqiV+o0YojWptryStBow1p4M1qctGa8jRiiUcjj/ANjNeS6M0ZrybaI0NGOSUba2JQ0Z4FFrQDRhrT3JRqiDRnkjNUcWbNjwQ78klFLkaNEqtzwet/EmOKcenh3SX+pnn4PX+pXUKWZ3B8UO8GPrSV+Z50fW+icE5ZKb4ObB6n0meVY8ivwxpku1X78kLo1aFWXRjgUaf7GaGjND42NV5JwNGSUaoj9xozVmTdErQaM8kNMnI0Z+CN6GiDRlon8miUBmiGqXI4AxWorQo1AzX7ENVsSvOoGfYhogE9yUXg1CXbelprkDj4BeWTYDPIrU2q5/Yx7gTghrgm4E+SUX4IBCF4JyBCHLPF24oTU0+44iCcC/IIBCMuxPYCEfJSAZIygD7Hk1vsZW+hrk+br0NGktiXWp1cvqXR4JduXPFNaUX1PHdNI68uqwQwLNLJFY3/qONeqdC2kuphbH0+O8VKzjhmxzX2zi78M5VsTZUKNv9i0TTF3LXkclGmFaIqQWxVruNMKtitPYpa0GmM8FrUvwKGmJWpa/IqWxdi6Ygr2L4LzY7GM1a0LVF41LVjsYlVsK1LyUvYxK0/sKNVrqK1HYxmtC15NAdjE5FeTVbcEodkxKFfuarQVqXsYlWStNTdeBQ7GMV+pav/c1wKHYxAarVAvYx8B/6hJrr+k00eN/rZ8gfW/+oU2/VOmx1/Tiv9WfJHevjEgANI+h/BOH634ixyUu36cJS+eP7n6ZR+V/hPM8H4k6Rp0pNxd+Gj9Vo5XnJahKJW5uqJ/yzHZcZrcVr+xqvGwodjGa0Faexof8ovYxmvAqzVccihqYxQrQ3p+YrQvYxihXg3WooaYx26Eq9+DkrQleBpjGwrQ38CkXsmMVvYpmq9hWjHYxihRvtQ7UOxjFbCv/AAaotal7GOPt5RKN0Wv+WOxjjr9CUclUO3YvZMcfbqSjdDfjYdjGO0zWhyV5FF7GOOiUclWyVoXsYwSjZKQ7GMNbCjdXuStNB2McdCjdUYlKMVcpJLy9C6JVEq2dHq/WOg6X/wBzPG/EToz/ABT6fGSSlJ/CLqPba3JW55+D1v0/Om454r50NZPWPT8auXUw/JjR3KB5eL8QenZMnZHNT8s7K9T6KTpdRD9S6O1yStfY6Of1joMMW5dRB+yZ5Wf8V9PFNYcUpe7GmPoJSjFXKSSXJxfXwNOssK+T4Dr/AFTqetyuU8jUeIrQ6f1Jpf1y/UaY/TVKElcZJr2dknOEFcpJL3Z+cY+s6jHXZmml8jN1nUZneXNKXyx2Mfo0JwmrjJNewa012Pz/AKX1Tq+lVYsrq9mdrqfxB1mfGoKSguaL2MfReo+s9L0blC+/IuFqfJdf6h1HW5LyS+1bI6kpOcnKTtvlkMzKhACAVScXadfBAB63RetdR07Ucj7oI9zH630eRRudN8HxpS9kx+gRy45w74zj2+bKnGWsZJ/Ds+BWbIo9qnKvFnLg63qMDvHka+TXcx91Xgh8jj9b6yD1kpL3OzD8Q5FFd2JNl7Jj6QPRnj4fXsE2lki4vyeji6vp8y+zJF+w0xykFprQpdGHVAo/MaM0Zok8uOC++cV8s6OX1fpIOlNv4GmO/wDBGeXk9cwKP2Rk/k6b9cyuWmONE7GS97jQPc8GPreT6i7oLt9ju4vV+nmvuuLL2gx6DVE4OOHUYp/05Iu/c5LT2asaIxRTIEBWTn4AmzXsHq2HwQCeaIaMhE58k/MvIAhKLuycgSgUyAuycB2QAQACE/MNkAMzuy2KT34Cs7k5NcMy9AJuZZogGeg9fz9PL/O/zIvyey/xH0y6b6iTeTiJ8YDzzxxLey+syfibHLop9sHHM9Ej5XJkllm5zbcnu2ZBa1ipM67OTrc+TpoYJTf04bI61sA1iObD1WfDkjPHlknHbU9/B+Lepj2rJihJJ6vyfNAzNYldx+qen9Zi67pY58L0e6fB2l7n5v6T651Ppq7IVPE3biz6r0L11epZ8uPIo461imzy345r46RbXvmtjrS6vBDqFhnkUcj2TOdNS2/Y5bMN/GjRlexrf5JphRfmheoHYxeRwBeuo0wNfJL0FodjF4HwS14Rb8DsYJaFJwX3HYxSkToXqh2Ma33G70JsUdjCiol6gvYxS1t4Jfgo7GHBaJwL8DsmLQHAsvYwqgL1LY7GLWnsStQXYvYx+e/+oUK9U6aVf1Yqu/dnyJ9n/wCoqX+K6KS3cJL90fGHs4/tYcbegANo9P8AD2OWX1/o4Qn2SeTc/XeLPyv8HQ+p+Juk0TUe6TT9kz9Uv8uTzc05LpSE+QWxucezWIPHkvJC9jAcj8xe47GD1G5R5L2MQf8ANQB2TE5G5f3G7ZexgTYu44HYxAXgfBexiUStTW+5Nh2MShua4J8DsmHJKHxsa2TL2MZ3HADHYxK0+Bu0WhwOxjLJRrklUy9jEq9yVexrgnI7JiVRlrQ3WpCxJjLRDVnS6/1HpuhxPJ1GRL23NbqOzR1+s63B0eN5OoyRij5r1D8Y4+xx6LG3J/6pafsfIdX1mfq8rnnyOTflm4hHver/AIo6jqJuHRt4sa58njZ/U+tzxUcvUTlFe50wbQbct3ZCkAt1sLsgAFt8MgAt2QAAAAAAAAAAAAAGwAtEAAFoACAAAAABqMpR2k0/YyAO1i9Q6nF/RllXg7S9b6tNW06PLBdkepk9b6uezUTrz9R6ue+WWp0wNkbllnN3Obf5mACAAAAAA0pyjtJ/kcuLqsuLIpRm9DgAHs4/WpX/AJmPTyjsx9X6drW0z50F2Ux9LD1PppNrua92c2PqcOT+jImfKFUnHZjtJj6/429iHzvT+o5sLSb7o+D0cfq2KVKUXEumPQHydTJ6h08I3337I8vq/UsuWTWJuEPYumPclOEd5JHFPq8Ed8i/LU+cc5y/qk/zM3e5Oxj6Fdb072yHLHLjn/RNP4PmGajOUHcW0Oxj6e/3JyeFi67NBpOVrweni6/DkjrLta8l0x2WQ6763p1p3/oYn1+FRuLt+Bo7T5DPIy+pZJf0JRXscD6vM1Xex2Me25R/6kTui9pI8Dul/wBTHdK92TsY9/ch5GHqpwncm2vB6GPqseTZ0/cujmepODgl1eKMqv8AQ3HJCf8ATJP2Go1wCWC6PEABzaAAAAAAAADUJyhLuhJxflGQBzZeqz5ZqeTLKUlom2e36f8AijqOk6WOGWNZO1/1SfB88DM0i3qxOP0H0f8AEmDrIS/xUo4ci48o9np+s6fqW1hyxm0taPyaz1vw76kvTvUVPK39OSqR578EZsOlb/6/S7KdTpurxdTiWTDNSi0c/dbPHOxP12+S5OC2cfcYydRixNLJkjG+G6JGyeOxZLOvPqsONXPJFLzaPN9V9c6fpenn9PJGWRrSmaitplJmIe3/AAVM+I/Dvr/U5vUPoZ25xyP9D7J5IwVyde7Lek0nJKzrlKcSmmrTu/Bru3oxq42WzHcXu9xpjd+4Mpi96GrjXnwW9dTNltDUxovNGLLY0xofBm/H8i0NMa/kEv8A4xdl0xobGbLeo7GLZboxZRqY+G/9RGn1HQ1v2zv40PjD7P8A9Q//ANx0Wv8Aplp+h8YfR4fwh57/AJAAOrL6L8DwlP8AEuKUXSxwk38VX9z9Nuz8u/BueWD8R4EqrKnB38X/ACj9Pu0eL+ROXduPxb03LZm6F+Tz9nTFBCDsY1yL1M2PPJexjV+4szZeR2MWxf8AxmbrZ2hyOyY0LJ8EvQvYxrkXRL0JevsOyY1YJZLHZcasXqZ/5qL1ZeyY0OTNoWXTGr2HBm/fQWNMashL1F2XUxfzHwZurv8AU6fVep9J0sXLNnhGuLLEzPh47oZ8xl/GfQRTUYZJNex4/V/jTqZNrpsUYLy9TpFLM7D71ulrt7nV6j1Do+mi3m6iEa4s/M+o9d9Szybn1U0nxF0edkyzySuc5SfuzrHF/rPZ+oL8RelyuuqjoeX6t+LsOCXZ0SWZv/VwfAA1HHDPZ9B1P4s9Rzw7YyjjT5ijxc/U5uok5Zskpv8A+TOIbG4iIQIClEAAAAAAAAAAAAAAAAAAAAAAAAAAFBAAAAAAAAAAAAAAAAAA5AAAAAAAAAAAAAAAAAAD8wAAYAAAAAAGAAADgAMAAAATa2AAXbKpNPR0QAc0OoyQ2dnaw9UpupaN8nnhOnoUAAQAAAAAAAAAAAAAAAAdvo/UOq6KV9PllH2vQ9jo/wAV9ViddTFZY/ufOAzalbewsWmH2+T8V9M+llPHFrLxFny3qHqXUddn+pkm6Wy8HRBmvFWnizeZduHV5lCTlkbVVqzquTk7bbIDeRDOu/6R1cOi66OeabUeEe16369j63oorppShK9Yvc+WOTDGE8iWSXbF80Ytx1me0tRaYjH0/pf4kWH0yWHK39aK+2R6/oPrOXrsOWfURUVjW60Ph+qw4cU4/Ry96rV+D1un67pum9BlihkbzZN14ON+Ksx8h0ref2+s6D1zputnlhB9v0+Zcna6H1HF1ryfSf8AQ6bZ+WwzZMcWoScb3pnp+k+t5vTYyhGKnCTt2Zt/G+f8rHL9+v0rv/8AJe6z5fp/xV0k4v60ZY2vzPO6j8V5fqZPoR0f9LOEcF5/Tp3q+57tTXefnM/xV6hJfa4r8jGT8S+oZMP03NLy0a/812f7av0lZE+S9x+UYvVetxS7odRNe1nuS/FuSXQfT+nWeq7kW38a8eEcsPuvqRbpSVrhG+4/JP8A6j1ayPJ9eal5TPQ6L8S9f02S55PqxfE9Sz/GtHiRyw/Su7Rl7z4XB+Mc31azYYuL8cHvZfX+iw4sc8mTWav7dTlbhvVuL1l7ncHkSu9keEvxF0DwPIs23+l7nh9f+LXOE8fTY6TVdzFeG9ib1h9a/VuijPtfUY+7xZzYuu6fPJxxZYTa4iz8inklOTlKTtna9O9Rz9B1P1sUtWqaZ6J/i/PkuUcr6D8e545Oo6SEZJ9kZXTvwfInP1XUT6nPLLkduTs4D08detYhztOzoADbL0fw/wBQ+l9d6TLaSWRJ34eh+sKXk/G+nyRxZ4TnHuUXdXR9RD8Z5k13YI1zqeXn47XmMdeO0R6+87uR3HyXT/jHpJtLLjnB/qehi/Enp2Rf/uEvaWh5J4rx+naLVl7vcO48let9A02uqx/qdaX4m9NWRxebbmidL/4uw9/u/Yd12eCvxL6Y5V/iPzpnHm/FHp+KaSyOV8xQ/rv/AInar6LuQ7kfMR/F3QPL2NTUf+qju4vxD6bPbqYp/wDyLPHeP0dqvb7tha0PGl696dCST6mHybx+ten5LcOphp5dE62/xdh6vcW6PLfrHQxdf4rHfydbqfxL6dg3zd//AOKsRS0/pNh7tju2PjfUfxhjjBLoY90nzJHSx/jTqo4mp4Yyl5OscHJLPer7+w5JL7nSPznN+L/UMl9ihBP2PM6j1n1DqP8A3OpnXszcfx7T6zPJD9Sn1nTwbUs0E1umzyeq/EvRYoZY48kZZMe1vc/NpZ8sm3LJJ/mYts6x/HiPWJ5H0WT8W9e8k3FpRey8Dq/xb1+fBHHCsbW8o8nzgO39dY/THaXrv8ReqtL/AO6kcuL8Veq46/z+5e6PDBelf8Nl9K/xj6l2pVjtc0af4z9Q7EuzHfk+YBP66f4vaXvdR+KvUs+CWNzjFS5iqPEnknklc5OT93ZkhqKxHibKkAKhoAUAQACkBbAgAAAACkAAAFAgAAAAAAAAAAAAAAAAAAAAAAAAAAAAAAAAAAAAAAAAAYAAAAAAAAAAAAAAAAAAAAAAAAABAAgAAAAAAAAAAAAAAAAAAAAAAAAAAAAAAAAAAAAAAAAAAAAAIACkAAcgIIAAOQKCMAUdz8kAFsgHAAAAGAAAAAAAAAALfyLIAAAAAABfuW2tiAC2/L/UWyAAAAAAABgcAAAAAAAAAAAAAAAAAAABSFogFAAAgAAAAAAAAAAAAAAAAAAAAACgQAAAAAAAAAAAAAQAAAMAEAgAAABgMAABwA4ACAAAAAAAAAFIAAQAAAcAOAAAAAAAAAAAAAAAAAAAAAAAAAAAAAAMAAgwACAAACgwCAQAcgAAAAACDAAAAAAACAAAAAGAACKBABsBZRcJNSTTXDIcuXLPK08ku5pVZxAGAwAAAAAAAikAAFAgDAAAcgAAABSAAABSAAAAAAHAAAAAAAACApAAAAAAFAWQpAAAAAAAAAAAAAAAAWgIAAAAAAAAAwAAAAMACkAAAAANmAAQAAAAAUgAAAAGAAACAAAAAAAA5AAAAAACAAAAAAAAAAAAAAAAAAAAAAAAAAABgAOQgAAAAAAAAgAAAAAAAAAAAMAAAwAAAAAAAAAALRAAAAewLZAAAAAAAwGAAAAFIUAQFAWORQoAAKAhQSgKCACgleSgACAUEADgpCgQcAagUg+CgCFFAQpOCgQtAEEBSFFoULIABRYEKABAUAQFIABSAUAACFAAgAAAoEACAMIAAAAAAAAAAAAAAAAcgAGAAAAAAAAAAHIYAAIAEAgAAAAchAAAAAAAAAAAAAAAAAAAAAAAAAAAAHIAAAAAGAAAAAAAAAAACABAAAAAACAAACkA2AAtohBaIUhQBaIBbIWhQEBRQEKKIAAAAAoEYDAAAAAC0AAIAKQAUAEAmpQAGhCgAQaFFsEBAABRQBXkglF2AKAAAAAgAWAABAKAAIXggKGpaAbAhaIUBQBAAKCCAoKBCggmoKAIUAoheQAICgggKCgQpAAZQBAWhQEKTcAAUgApAAYQYQAAAAAAAAAAcgEAACAAAAAAORwAAAAAMAAhyACAAABgAGAAAAAAAAAAAAAAAAwAAAAAAAAAAAAAAAAAAAAAAAAAAAAoIAAKAIWiAUCwAohQQBuAAohQAFEopRAOQA4AAAagoAAgFABAAAAAAKFAFAfAtFIJTFCygZBSFAAAAABRuTUAXYWBQAXZABdiAAUhQQCFJ+QAtgFDcAfAAEKQB8AAAAAAAAWQAC2AUAQAAWyACggFFigQACAUgBRQQfBBeQQAUgBQ5AAApAQAAAKQAByAUAAAAAAAAGOAACAAAAAAAAAYAMAAOAAAAAABgAAAAAAAAAAOQCAAABAAAAAAAAAAAAAAAFICAACgAAAKQAAAKALAAWLAgBQINSgAACAACiAMAAAAKQoAAgFAFgALIBQCAWvIAAhQAAKQghaBQHJKLZCgAAABeAIBsAABQIAAAA3AcFIAAAIAAKABSCACiiFK0AIBTHJBAaIBAUFE0KABAUAQFAEsX5KGgBC3RNwBaFeS8AQllsEELQHJRNgUbgQtAgAAoCiFAEBSEAFoFEBaFAQAAAAAAAAAAAAAAAAAAAGAAHIABhAAwAAYAAAAAAAAAAMAAAByAAAAAAAAAAAAAAAgAAAAAACkAAFBAAAAtCgQCgEApAAAAAFIUCMDkAAAAAKBAWgAIUgAAAAAAAAApCgXgcEAAAEC7G4AAAFAAACkAApAAABAABQAAApAQAAAAAAAFAtkBBdAOBwAAJyBSAAAXghQABAAAFIAAJoUFEHyUUAohQQCAoAWAUCFBA4FgFCwAAIUEEF+SkKAAAAAAAwAAAAAAAAAAAAAAAUiAIAAAAAYAAAAAAAP/9k=');

-- ----------------------------
-- Table structure for db_resume_workexperience
-- ----------------------------
DROP TABLE IF EXISTS `db_resume_workexperience`;
CREATE TABLE `db_resume_workexperience`  (
  `id` int(11) NOT NULL AUTO_INCREMENT,
  `company` varchar(255) CHARACTER SET utf8 COLLATE utf8_general_ci NULL DEFAULT NULL,
  `position` varchar(255) CHARACTER SET utf8 COLLATE utf8_general_ci NULL DEFAULT NULL,
  `start` varchar(255) CHARACTER SET utf8 COLLATE utf8_general_ci NULL DEFAULT NULL,
  `end` varchar(255) CHARACTER SET utf8 COLLATE utf8_general_ci NULL DEFAULT NULL,
  `description` text CHARACTER SET utf8 COLLATE utf8_general_ci NULL,
  `user_id` varchar(255) CHARACTER SET utf8 COLLATE utf8_general_ci NULL DEFAULT NULL,
  PRIMARY KEY (`id`) USING BTREE,
  INDEX `user_id`(`user_id`) USING BTREE,
  CONSTRAINT `db_resume_workexperience_ibfk_1` FOREIGN KEY (`user_id`) REFERENCES `db_user` (`id`) ON DELETE RESTRICT ON UPDATE RESTRICT
) ENGINE = InnoDB AUTO_INCREMENT = 13 CHARACTER SET = utf8 COLLATE = utf8_general_ci ROW_FORMAT = DYNAMIC;

-- ----------------------------
-- Records of db_resume_workexperience
-- ----------------------------
INSERT INTO `db_resume_workexperience` VALUES (12, '1', '1', '1', '1', '1', '9210504083');

-- ----------------------------
-- Table structure for db_review
-- ----------------------------
DROP TABLE IF EXISTS `db_review`;
CREATE TABLE `db_review`  (
  `id` varchar(255) CHARACTER SET utf8 COLLATE utf8_general_ci NOT NULL,
  `user_id` varchar(255) CHARACTER SET utf8 COLLATE utf8_general_ci NULL DEFAULT NULL,
  `internship_id` varchar(255) CHARACTER SET latin1 COLLATE latin1_swedish_ci NULL DEFAULT NULL,
  `deleted` int(255) NULL DEFAULT NULL,
  `content` varchar(1000) CHARACTER SET utf8 COLLATE utf8_general_ci NULL DEFAULT NULL,
  `create_time` timestamp NULL DEFAULT NULL,
  `update_time` timestamp NULL DEFAULT NULL,
  `parent_id` varchar(255) CHARACTER SET utf8 COLLATE utf8_general_ci NULL DEFAULT NULL,
  PRIMARY KEY (`id`) USING BTREE
) ENGINE = InnoDB CHARACTER SET = latin1 COLLATE = latin1_swedish_ci ROW_FORMAT = Dynamic;

-- ----------------------------
-- Records of db_review
-- ----------------------------
INSERT INTO `db_review` VALUES ('1039025691', '2121023847', '0000', 0, 'shiqi test', '2022-08-03 11:17:36', '2022-08-03 11:17:36', NULL);
INSERT INTO `db_review` VALUES ('1483281806', '9210504083', '0000', 1, 'woshishei', '2022-08-06 15:01:00', '2022-08-06 15:01:00', NULL);
INSERT INTO `db_review` VALUES ('1717665123', '2121023847', '0001', 0, 'hello', '2022-08-03 12:03:10', '2022-08-03 12:03:10', NULL);
INSERT INTO `db_review` VALUES ('1975776715', '9210504083', '0000', 0, 'hi', '2022-08-06 14:55:00', '2022-08-06 14:55:00', '3322344157');
INSERT INTO `db_review` VALUES ('2125713037', '9210504083', '0000', 1, 'hi', '2022-08-06 14:58:13', '2022-08-06 14:58:13', NULL);
INSERT INTO `db_review` VALUES ('3065349170', '2121023847', '0000', 0, '888', '2022-08-03 12:08:02', '2022-08-03 12:08:02', '1039025691');
INSERT INTO `db_review` VALUES ('3205203942', '9210504083', '0000', 1, 'hello', '2022-08-06 15:02:27', '2022-08-06 15:02:27', NULL);
INSERT INTO `db_review` VALUES ('3322344157', '2121023847', '0000', 0, '123', '2022-08-02 16:04:09', '2022-08-02 16:04:09', NULL);
INSERT INTO `db_review` VALUES ('4803692147', '2121023847', '0000', 0, 'reply', '2022-08-03 12:07:27', '2022-08-03 12:07:27', '1039025691');
INSERT INTO `db_review` VALUES ('5452584523', '2121023847', '0000', 0, '123', '2022-08-02 20:33:40', '2022-08-02 20:33:40', NULL);
INSERT INTO `db_review` VALUES ('6859382917', '9210504083', '0000', 0, 'hhhh', '2022-08-06 14:56:41', '2022-08-06 14:56:41', '3322344157');
INSERT INTO `db_review` VALUES ('8828070247', '2121023847', '0001', 0, 'reply myself', '2022-08-03 12:03:40', '2022-08-03 12:03:40', NULL);

-- ----------------------------
-- Table structure for db_user
-- ----------------------------
DROP TABLE IF EXISTS `db_user`;
CREATE TABLE `db_user`  (
  `id` varchar(255) CHARACTER SET utf8 COLLATE utf8_general_ci NOT NULL,
  `username` varchar(255) CHARACTER SET utf8 COLLATE utf8_general_ci NOT NULL,
  `password` varchar(255) CHARACTER SET utf8 COLLATE utf8_general_ci NOT NULL,
  `mobile` int(11) NULL DEFAULT NULL,
  `type` int(11) NULL DEFAULT NULL,
  `create_time` timestamp NULL DEFAULT NULL,
  `update_time` timestamp NULL DEFAULT NULL,
  `email` varchar(255) CHARACTER SET utf8 COLLATE utf8_general_ci NULL DEFAULT NULL,
  `deleted` int(11) NULL DEFAULT NULL,
  PRIMARY KEY (`id`) USING BTREE
) ENGINE = InnoDB CHARACTER SET = utf8 COLLATE = utf8_general_ci ROW_FORMAT = DYNAMIC;

-- ----------------------------
-- Records of db_user
-- ----------------------------
INSERT INTO `db_user` VALUES ('1824039561', '11', '111', NULL, 1, '2022-07-28 12:15:54', '2022-07-28 12:15:54', '111', 0);
INSERT INTO `db_user` VALUES ('2121023847', 's', '123', NULL, 0, '2022-07-17 21:14:44', '2022-07-17 21:14:44', '757426218@qq.com', 0);
INSERT INTO `db_user` VALUES ('234115225', 'admin', '123', NULL, 0, '2022-07-25 12:44:23', '2022-07-25 12:44:26', '1184344283@qq.com', 0);
INSERT INTO `db_user` VALUES ('2376970205', 'test2', 'Zhoushiqi1', NULL, 0, '2022-08-03 16:46:16', '2022-08-03 16:46:16', '773@qq.com', 0);
INSERT INTO `db_user` VALUES ('3131578018', 'test', 'Zhoushiqi1', NULL, 0, '2022-08-03 14:40:42', '2022-08-03 14:40:42', '77@qq.com', 0);
INSERT INTO `db_user` VALUES ('4827760457', 'z', 'Zhoushiqi1', NULL, 1, '2022-08-06 00:39:27', '2022-08-06 00:39:27', '22222@qq.com', 0);
INSERT INTO `db_user` VALUES ('9210504083', 'zz', 'Zhoushiqi1', NULL, 0, '2022-08-06 00:41:11', '2022-08-06 00:41:11', '3833@qq.com', 0);

SET FOREIGN_KEY_CHECKS = 1;
